id_cliente,edad,genero,ciudad,tipo_poliza,antiguedad_meses,valor_poliza,reclamaciones,pqr,retrasos_pago,canal_atencion,fecha_actualizacion,churn
CLI0001,56,Masculino,Bogotá,Salud,75,362844,1,3,1,App,2025-12-08,0
CLI0002,69,Masculino,Cali,Vida,77,862215,3,1,1,Web,2024-08-21,0
CLI0003,46,Masculino,Bucaramanga,Hogar,10,512680,1,1,1,Web,2024-09-15,0
CLI0004,32,Masculino,Medellín,Vida,14,253423,2,2,1,App,2026-07-04,0
CLI0005,60,Femenino,Barranquilla,Vehiculo,82,173330,2,1,3,App,2024-10-24,0
CLI0006,25,Femenino,Medellín,Salud,51,305391,1,0,1,App,2026-07-05,0
CLI0007,38,Masculino,Bucaramanga,Hogar,118,293606,0,0,1,App,2025-01-28,0
CLI0008,56,Femenino,Bogotá,Salud,73,487085,5,1,0,Telefonico,2026-01-17,0
CLI0009,75,Masculino,Bogotá,Vehiculo,39,271387,2,0,0,Presencial,2026-01-10,0
CLI0010,36,Femenino,Bucaramanga,Vehiculo,28,321133,0,2,0,Telefonico,2026-05-08,0
CLI0011,40,Masculino,Bogotá,Vida,3,566904,1,1,0,Presencial,2026-07-02,0
CLI0012,28,Femenino,Bogotá,Hogar,84,494170,3,2,3,Presencial,2025-04-22,0
CLI0013,28,Femenino,Bogotá,Vida,70,766915,0,0,0,Presencial,2026-04-24,0
CLI0014,41,Masculino,Barranquilla,Vehiculo,27,405497,0,2,2,Telefonico,2026-01-23,0
CLI0015,70,Femenino,Barranquilla,Salud,117,555406,1,1,2,App,2026-07-20,0
CLI0016,53,Masculino,Cali,Vida,2,518242,4,1,1,Telefonico,2024-12-06,0
CLI0017,57,Masculino,Medellín,Vida,93,442916,2,3,0,Telefonico,2026-07-02,0
CLI0018,41,Masculino,Bucaramanga,Salud,38,258048,1,4,1,Presencial,2024-08-06,0
CLI0019,20,Masculino,Bucaramanga,Vida,3,433646,2,3,2,Web,2026-06-24,0
CLI0020,39,Femenino,Bucaramanga,Salud,16,456087,4,2,0,Web,2025-01-06,0
CLI0021,70,Femenino,Cali,Hogar,94,451994,0,1,2,Telefonico,2025-10-11,0
CLI0022,19,Femenino,Barranquilla,Salud,40,649383,1,0,1,Presencial,2025-08-06,0
CLI0023,41,Masculino,Cali,Hogar,2,225342,4,2,2,Telefonico,2024-10-15,1
CLI0024,61,Femenino,Bucaramanga,Salud,81,766268,1,0,2,Telefonico,2026-02-02,0
CLI0025,47,Masculino,Medellín,Vehiculo,41,881955,0,1,0,App,2026-04-11,0
CLI0026,55,Femenino,Bogotá,Vehiculo,12,142433,1,0,1,Presencial,2025-05-14,0
CLI0027,19,Femenino,Barranquilla,Hogar,35,624279,1,0,0,Web,2026-07-11,0
CLI0028,38,Femenino,Barranquilla,Hogar,107,352919,0,3,1,Web,2026-03-09,0
CLI0029,50,Masculino,Cali,Vehiculo,65,551017,0,0,1,Web,2025-03-20,0
CLI0030,29,Femenino,Barranquilla,Hogar,55,427139,4,1,1,Telefonico,2026-03-08,1
CLI0031,75,Femenino,Bucaramanga,Salud,45,227745,2,1,0,Presencial,2025-05-17,0
CLI0032,39,Masculino,Bucaramanga,Salud,79,727096,1,2,0,App,2025-06-06,0
CLI0033,61,Femenino,Cali,Vehiculo,90,762416,1,1,2,Web,2025-09-19,0
CLI0034,42,Masculino,Bucaramanga,Vida,101,217686,1,1,3,Presencial,2026-02-16,0
CLI0035,66,Femenino,Medellín,Salud,85,87415,0,2,1,Web,2024-10-18,0
CLI0036,44,Masculino,Cali,Hogar,62,850326,1,2,2,App,2026-01-10,0
CLI0037,59,Masculino,Medellín,Vida,49,517100,2,1,0,Presencial,2025-03-23,0
CLI0038,45,Femenino,Bogotá,Vida,95,858493,0,4,0,Telefonico,2024-11-14,0
CLI0039,33,Masculino,Medellín,Salud,25,379188,1,1,2,Telefonico,2025-04-20,0
CLI0040,32,Masculino,Bogotá,Salud,23,792509,2,1,1,Web,2024-08-18,1
CLI0041,64,Masculino,Bogotá,Vida,24,248616,2,0,0,Web,2025-07-12,0
CLI0042,68,Masculino,Medellín,Vida,38,129976,1,3,1,Presencial,2025-09-21,0
CLI0043,61,Masculino,Cali,Vehiculo,28,505468,1,0,0,App,2025-11-19,0
CLI0044,72,Masculino,Bucaramanga,Hogar,21,345976,1,0,2,Web,2026-07-09,0
CLI0045,69,Femenino,Bucaramanga,Vehiculo,54,301883,1,1,2,Presencial,2025-08-27,0
CLI0046,74,Masculino,Bogotá,Salud,107,291509,1,1,1,App,2025-03-26,0
CLI0047,20,Masculino,Bogotá,Vehiculo,18,576965,3,1,1,Web,2025-03-08,0
CLI0048,54,Femenino,Cali,Vehiculo,36,900580,2,1,1,Web,2025-07-31,0
CLI0049,68,Femenino,Barranquilla,Vehiculo,99,843529,4,1,1,Presencial,2025-07-25,0
CLI0050,24,Femenino,Medellín,Vehiculo,45,598823,2,2,1,Web,2024-12-10,0
CLI0051,38,Femenino,Bogotá,Hogar,119,299526,2,2,0,Telefonico,2025-12-25,0
CLI0052,26,Femenino,Bucaramanga,Hogar,73,978662,2,1,1,App,2025-04-13,0
CLI0053,56,Femenino,Cali,Vida,53,427220,2,2,0,App,2025-06-04,0
CLI0054,35,Femenino,Medellín,Salud,102,904834,0,3,2,Telefonico,2025-08-10,1
CLI0055,21,Masculino,Cali,Vehiculo,30,793087,1,2,0,Presencial,2025-04-28,0
CLI0056,42,Masculino,Medellín,Vida,60,118578,2,2,1,Telefonico,2025-03-16,1
CLI0057,31,Femenino,Medellín,Vida,108,694741,1,3,0,Telefonico,2026-07-05,0
CLI0058,67,Masculino,Bogotá,Vida,98,495534,1,1,1,App,2025-12-21,0
CLI0059,75,Masculino,Cali,Hogar,32,942147,1,1,0,Presencial,2024-09-10,0
CLI0060,26,Masculino,Cali,Vehiculo,67,288859,1,2,0,Web,2026-03-06,0
CLI0061,43,Femenino,Bucaramanga,Vehiculo,67,191435,1,0,0,Telefonico,2025-06-03,0
CLI0062,70,Femenino,Bucaramanga,Salud,28,820389,0,0,0,Telefonico,2025-08-15,0
CLI0063,19,Masculino,Bogotá,Vehiculo,44,231538,2,1,1,Presencial,2026-01-27,0
CLI0064,37,Femenino,Bogotá,Vehiculo,79,962174,2,0,0,Telefonico,2025-06-12,0
CLI0065,45,Masculino,Barranquilla,Vida,41,125475,2,1,0,Presencial,2025-05-29,0
CLI0066,64,Masculino,Bucaramanga,Salud,63,926574,0,0,2,Web,2026-06-21,0
CLI0067,24,Masculino,Medellín,Vehiculo,23,820520,3,1,1,Presencial,2025-07-04,0
CLI0068,61,Masculino,Cali,Hogar,104,237636,1,1,0,Web,2024-08-28,0
CLI0069,25,Femenino,Bogotá,Vehiculo,75,233484,0,2,0,Presencial,2026-05-14,0
CLI0070,64,Femenino,Cali,Vida,48,173526,1,0,1,Telefonico,2024-08-14,0
CLI0071,52,Femenino,Cali,Hogar,32,131001,1,0,1,Web,2025-02-03,0
CLI0072,31,Masculino,Barranquilla,Vida,57,924081,4,2,1,Telefonico,2025-05-08,0
CLI0073,34,Femenino,Bucaramanga,Vehiculo,118,272029,1,1,0,Web,2025-04-14,0
CLI0074,53,Masculino,Bogotá,Hogar,100,508733,0,2,2,Presencial,2026-03-12,0
CLI0075,67,Femenino,Cali,Salud,33,748516,2,1,1,Presencial,2025-11-23,0
CLI0076,57,Masculino,Bogotá,Salud,24,629999,1,1,0,Presencial,2025-10-11,0
CLI0077,21,Masculino,Medellín,Hogar,39,634394,1,1,0,App,2024-11-29,0
CLI0078,19,Masculino,Barranquilla,Hogar,34,931890,1,2,0,App,2026-03-18,1
CLI0079,23,Femenino,Medellín,Vida,56,562488,1,1,0,Web,2025-04-04,0
CLI0080,71,Femenino,Bogotá,Hogar,28,472573,1,0,0,App,2025-09-23,0
CLI0081,59,Femenino,Bogotá,Vida,37,297583,3,0,1,Presencial,2025-01-23,0
CLI0082,21,Femenino,Bucaramanga,Vehiculo,7,443898,1,1,1,App,2024-11-07,0
CLI0083,71,Masculino,Cali,Vida,68,218286,0,0,1,App,2026-06-16,0
CLI0084,46,Femenino,Cali,Hogar,37,307189,0,4,0,Telefonico,2025-12-08,0
CLI0085,35,Femenino,Medellín,Hogar,56,206479,1,0,0,Web,2026-06-14,0
CLI0086,43,Masculino,Barranquilla,Vehiculo,65,500343,3,3,2,Web,2026-01-15,1
CLI0087,61,Masculino,Cali,Hogar,65,216213,0,1,0,Web,2026-05-09,0
CLI0088,51,Masculino,Bucaramanga,Hogar,47,633172,0,0,1,App,2025-02-04,0
CLI0089,27,Femenino,Medellín,Salud,20,344852,2,0,1,Presencial,2026-02-21,0
CLI0090,53,Masculino,Medellín,Salud,19,884807,0,4,0,Telefonico,2025-05-30,0
CLI0091,31,Masculino,Bucaramanga,Vehiculo,29,619376,0,0,1,Web,2026-05-22,1
CLI0092,48,Masculino,Barranquilla,Vida,74,399759,1,0,0,App,2025-02-27,0
CLI0093,65,Femenino,Bucaramanga,Salud,60,452282,0,1,1,Presencial,2026-06-10,0
CLI0094,32,Masculino,Barranquilla,Vida,18,780406,1,1,1,Telefonico,2026-06-17,0
CLI0095,25,Femenino,Bucaramanga,Hogar,92,352158,1,0,2,Telefonico,2025-10-12,0
CLI0096,31,Femenino,Bucaramanga,Salud,35,799785,0,0,1,Web,2025-04-23,0
CLI0097,40,Masculino,Bogotá,Vehiculo,43,476489,2,2,2,Web,2025-01-28,0
CLI0098,74,Masculino,Medellín,Vehiculo,111,782495,1,2,1,Presencial,2025-07-17,0
CLI0099,57,Femenino,Bucaramanga,Vehiculo,95,444986,1,0,1,App,2025-04-10,0
CLI0100,38,Masculino,Bucaramanga,Salud,91,570238,3,2,5,Presencial,2025-11-12,0
CLI0101,33,Masculino,Cali,Vida,11,158077,0,1,1,Web,2024-12-29,0
CLI0102,62,Femenino,Medellín,Hogar,49,219784,0,3,1,Presencial,2026-02-03,0
CLI0103,35,Femenino,Cali,Vida,113,285776,3,0,3,App,2025-08-09,0
CLI0104,64,Masculino,Medellín,Vida,38,395018,1,0,0,Telefonico,2025-06-08,0
CLI0105,70,Femenino,Cali,Hogar,64,149087,3,0,1,Telefonico,2024-09-02,0
CLI0106,41,Masculino,Bucaramanga,Hogar,69,878729,2,0,1,Telefonico,2026-01-12,0
CLI0107,43,Masculino,Bucaramanga,Salud,8,844629,4,2,1,Telefonico,2026-07-19,0
CLI0108,42,Masculino,Bogotá,Salud,34,893560,2,1,2,Web,2025-05-15,0
CLI0109,62,Femenino,Cali,Salud,48,672656,4,0,0,Web,2024-08-05,0
CLI0110,58,Masculino,Barranquilla,Salud,116,823859,1,0,0,App,2025-10-19,0
CLI0111,46,Masculino,Bogotá,Salud,56,421102,1,1,1,App,2025-11-16,0
CLI0112,32,Masculino,Cali,Hogar,76,375064,3,1,2,App,2025-01-08,0
CLI0113,62,Femenino,Cali,Vida,102,331514,2,1,1,App,2025-01-30,0
CLI0114,18,Femenino,Bogotá,Salud,65,222180,0,0,0,Presencial,2025-03-29,0
CLI0115,42,Femenino,Bucaramanga,Salud,31,864192,0,0,2,App,2025-03-21,0
CLI0116,24,Femenino,Cali,Vida,4,515928,1,1,2,Telefonico,2024-08-26,0
CLI0117,26,Femenino,Bucaramanga,Salud,113,681891,2,2,0,Telefonico,2025-09-02,0
CLI0118,41,Masculino,Bogotá,Vida,109,113872,1,1,0,Telefonico,2025-01-16,0
CLI0119,18,Femenino,Bucaramanga,Vida,50,352872,3,0,2,Presencial,2026-06-30,0
CLI0120,61,Femenino,Medellín,Hogar,69,437246,3,1,0,App,2024-11-29,0
CLI0121,25,Femenino,Barranquilla,Vehiculo,30,568535,0,0,0,Telefonico,2026-06-19,0
CLI0122,41,Masculino,Cali,Hogar,120,464193,0,0,3,Telefonico,2025-08-15,0
CLI0123,28,Femenino,Barranquilla,Vehiculo,88,887015,2,1,0,Telefonico,2025-09-01,0
CLI0124,68,Femenino,Bucaramanga,Vehiculo,59,165774,4,2,2,Telefonico,2025-01-19,0
CLI0125,34,Masculino,Cali,Vehiculo,67,468518,1,0,1,Web,2025-11-04,0
CLI0126,25,Femenino,Bucaramanga,Salud,75,278522,0,0,0,App,2025-06-14,0
CLI0127,52,Masculino,Medellín,Hogar,45,300357,1,4,0,App,2025-01-03,0
CLI0128,52,Masculino,Bogotá,Vehiculo,4,492672,1,0,0,Presencial,2026-07-13,0
CLI0129,50,Masculino,Cali,Vida,26,957550,2,0,0,Web,2025-08-19,0
CLI0130,22,Masculino,Medellín,Salud,27,145942,1,1,1,Presencial,2024-11-26,0
CLI0131,59,Masculino,Medellín,Hogar,46,617977,2,0,1,Telefonico,2026-06-25,0
CLI0132,56,Femenino,Cali,Vehiculo,118,637564,0,1,0,Presencial,2024-11-20,0
CLI0133,75,Masculino,Bucaramanga,Vida,107,589565,2,2,1,Telefonico,2026-05-01,0
CLI0134,58,Masculino,Medellín,Hogar,64,602552,4,1,0,Telefonico,2026-01-28,0
CLI0135,45,Femenino,Barranquilla,Hogar,91,706256,3,1,3,App,2024-08-03,0
CLI0136,24,Masculino,Medellín,Salud,106,493089,0,0,0,App,2026-07-04,0
CLI0137,26,Femenino,Bucaramanga,Hogar,51,879482,2,1,1,App,2025-01-30,0
CLI0138,25,Femenino,Bucaramanga,Salud,50,670504,2,1,1,App,2025-07-25,0
CLI0139,29,Femenino,Barranquilla,Vehiculo,6,819804,1,2,1,App,2025-02-17,1
CLI0140,51,Masculino,Medellín,Salud,59,426184,0,1,2,Web,2025-08-21,0
CLI0141,50,Masculino,Bucaramanga,Vida,15,625932,2,0,3,App,2025-06-08,1
CLI0142,65,Masculino,Cali,Salud,117,142021,2,2,1,Presencial,2026-01-17,1
CLI0143,72,Femenino,Bogotá,Vida,30,772485,0,1,2,Telefonico,2026-05-15,0
CLI0144,40,Masculino,Bogotá,Salud,42,540115,1,1,2,App,2026-02-15,0
CLI0145,41,Masculino,Bogotá,Hogar,101,122291,3,2,0,Web,2026-05-03,0
CLI0146,54,Masculino,Medellín,Vehiculo,37,508276,2,2,2,Presencial,2025-11-10,1
CLI0147,52,Femenino,Barranquilla,Vida,42,474754,0,0,1,Presencial,2025-04-16,0
CLI0148,61,Femenino,Bucaramanga,Salud,101,383664,0,2,1,Telefonico,2026-01-05,0
CLI0149,57,Masculino,Cali,Salud,35,105675,2,4,1,Presencial,2024-08-07,0
CLI0150,39,Masculino,Cali,Salud,87,753647,1,3,2,Presencial,2025-11-03,0
CLI0151,44,Masculino,Medellín,Hogar,6,342318,1,0,0,Presencial,2025-11-11,0
CLI0152,52,Masculino,Bogotá,Hogar,68,172268,3,2,0,Presencial,2025-03-13,0
CLI0153,18,Femenino,Medellín,Vida,18,377142,2,1,1,Web,2025-03-07,0
CLI0154,52,Femenino,Barranquilla,Vida,73,788672,0,1,0,Telefonico,2024-08-05,0
CLI0155,54,Femenino,Barranquilla,Hogar,113,709698,0,1,1,App,2025-01-02,0
CLI0156,64,Femenino,Bucaramanga,Vida,29,417369,2,3,0,Presencial,2025-02-23,0
CLI0157,31,Masculino,Bucaramanga,Vehiculo,77,911246,0,0,1,Web,2024-08-09,0
CLI0158,20,Masculino,Barranquilla,Vehiculo,59,427235,3,1,1,Telefonico,2025-09-23,0
CLI0159,18,Masculino,Barranquilla,Hogar,47,392863,1,4,2,App,2026-02-08,1
CLI0160,22,Femenino,Barranquilla,Vida,116,209887,1,1,0,Telefonico,2025-05-27,1
CLI0161,43,Masculino,Medellín,Salud,17,376063,3,2,1,Web,2025-04-25,0
CLI0162,72,Femenino,Barranquilla,Vehiculo,109,415299,1,2,2,Web,2026-04-22,0
CLI0163,31,Femenino,Cali,Hogar,96,413713,0,0,0,Web,2026-07-16,0
CLI0164,56,Masculino,Bogotá,Vida,112,907760,4,2,0,Presencial,2024-08-22,0
CLI0165,44,Masculino,Barranquilla,Hogar,22,281554,1,3,1,Web,2025-11-16,0
CLI0166,26,Masculino,Bogotá,Salud,68,891050,3,0,1,App,2025-11-30,0
CLI0167,32,Femenino,Medellín,Vehiculo,69,638963,1,2,2,Presencial,2025-08-18,0
CLI0168,32,Masculino,Bogotá,Hogar,37,575010,3,2,2,Telefonico,2025-11-25,1
CLI0169,43,Femenino,Medellín,Hogar,105,885351,1,2,1,App,2026-04-18,0
CLI0170,59,Masculino,Cali,Hogar,49,870605,0,2,1,Presencial,2024-09-06,0
CLI0171,30,Femenino,Medellín,Salud,13,451513,1,0,4,Web,2024-10-03,0
CLI0172,68,Femenino,Medellín,Hogar,34,892832,2,1,3,Telefonico,2025-10-18,0
CLI0173,49,Masculino,Bucaramanga,Salud,109,261517,1,2,2,Web,2026-02-13,0
CLI0174,56,Femenino,Barranquilla,Salud,86,150305,0,1,1,App,2025-06-07,0
CLI0175,66,Femenino,Barranquilla,Salud,53,772924,1,1,0,App,2026-06-15,0
CLI0176,69,Masculino,Cali,Vehiculo,87,519030,1,1,0,Presencial,2026-06-19,0
CLI0177,49,Femenino,Cali,Vehiculo,51,552963,2,1,1,App,2025-09-14,0
CLI0178,21,Masculino,Barranquilla,Hogar,3,693079,3,2,2,Telefonico,2025-12-23,0
CLI0179,47,Femenino,Bucaramanga,Hogar,42,239034,5,0,1,Presencial,2025-03-06,0
CLI0180,54,Masculino,Barranquilla,Vehiculo,98,558108,3,3,0,Telefonico,2024-08-19,0
CLI0181,40,Masculino,Bucaramanga,Vida,32,674821,2,0,2,Web,2025-05-17,0
CLI0182,56,Femenino,Cali,Vehiculo,109,267256,3,2,0,Telefonico,2026-03-10,0
CLI0183,62,Femenino,Bogotá,Salud,51,556128,2,1,1,Telefonico,2026-07-04,0
CLI0184,32,Femenino,Cali,Vehiculo,113,970023,2,0,0,App,2025-01-25,0
CLI0185,60,Femenino,Cali,Salud,85,745938,1,2,0,Web,2024-10-11,0
CLI0186,46,Femenino,Medellín,Hogar,46,735348,1,0,0,App,2024-09-10,0
CLI0187,53,Masculino,Medellín,Vida,108,753984,1,0,0,Web,2026-02-15,0
CLI0188,30,Femenino,Medellín,Hogar,21,905626,4,2,0,Web,2024-11-04,1
CLI0189,49,Masculino,Medellín,Salud,44,452047,3,0,1,Telefonico,2024-12-23,0
CLI0190,24,Masculino,Bucaramanga,Salud,11,473605,1,1,0,App,2025-11-25,0
CLI0191,68,Femenino,Barranquilla,Salud,103,441447,1,0,0,Telefonico,2025-08-09,0
CLI0192,39,Masculino,Bogotá,Vida,68,322188,3,1,1,Telefonico,2026-04-12,0
CLI0193,45,Masculino,Cali,Vehiculo,115,456047,1,0,2,Telefonico,2024-09-08,0
CLI0194,19,Masculino,Bucaramanga,Hogar,1,933823,1,3,1,Web,2024-08-31,1
CLI0195,59,Masculino,Bogotá,Hogar,92,317501,1,0,1,App,2024-08-12,0
CLI0196,62,Femenino,Bucaramanga,Vehiculo,63,400146,1,0,0,App,2025-12-10,0
CLI0197,74,Masculino,Bucaramanga,Hogar,24,377675,0,3,0,Telefonico,2026-07-08,0
CLI0198,70,Femenino,Cali,Vida,99,788175,3,1,1,Web,2026-07-06,0
CLI0199,23,Femenino,Barranquilla,Hogar,13,609274,1,3,0,App,2025-07-16,0
CLI0200,45,Masculino,Medellín,Salud,111,898730,0,2,2,Presencial,2024-08-01,0
CLI0201,45,Femenino,Barranquilla,Vehiculo,98,343625,2,0,0,App,2025-08-20,0
CLI0202,61,Femenino,Cali,Vida,11,922840,1,1,2,Telefonico,2025-07-19,0
CLI0203,61,Femenino,Cali,Vehiculo,100,280339,2,1,1,Presencial,2025-02-25,0
CLI0204,37,Masculino,Cali,Vida,51,726238,1,1,1,Web,2026-07-15,1
CLI0205,47,Femenino,Bogotá,Salud,17,205355,2,0,1,Presencial,2025-11-29,0
CLI0206,28,Femenino,Barranquilla,Vehiculo,99,107798,0,2,1,Presencial,2024-08-13,0
CLI0207,75,Femenino,Barranquilla,Hogar,82,695937,2,2,2,Telefonico,2024-11-15,0
CLI0208,72,Masculino,Bucaramanga,Vida,104,407031,1,0,2,App,2024-08-14,0
CLI0209,45,Femenino,Bucaramanga,Vehiculo,86,99477,2,0,1,Web,2025-02-08,0
CLI0210,42,Masculino,Bucaramanga,Hogar,24,490482,3,5,0,Presencial,2024-12-26,1
CLI0211,56,Masculino,Cali,Vehiculo,19,297400,1,0,0,Telefonico,2024-09-12,0
CLI0212,50,Masculino,Barranquilla,Vehiculo,37,297060,2,0,0,App,2026-01-11,0
CLI0213,18,Masculino,Cali,Vehiculo,103,469959,1,1,0,Presencial,2025-11-26,0
CLI0214,74,Masculino,Bogotá,Vida,85,591181,3,2,1,Telefonico,2026-04-05,0
CLI0215,44,Masculino,Bucaramanga,Hogar,8,587831,1,1,2,Telefonico,2026-07-23,0
CLI0216,74,Femenino,Cali,Salud,28,993858,1,2,3,Telefonico,2024-12-11,0
CLI0217,69,Masculino,Cali,Vida,5,485105,1,1,0,Web,2026-07-09,0
CLI0218,30,Femenino,Bogotá,Vida,17,366479,1,1,4,App,2025-12-04,1
CLI0219,58,Femenino,Medellín,Vida,101,428754,0,2,1,Presencial,2024-12-24,0
CLI0220,20,Masculino,Barranquilla,Salud,36,353586,1,1,0,App,2026-07-05,0
CLI0221,56,Femenino,Medellín,Hogar,118,912721,1,1,1,App,2026-05-12,0
CLI0222,23,Femenino,Bucaramanga,Hogar,19,920179,1,1,2,Presencial,2024-12-13,0
CLI0223,25,Femenino,Cali,Hogar,64,903759,1,1,3,App,2026-01-14,0
CLI0224,44,Femenino,Bogotá,Vehiculo,91,414971,3,1,0,Web,2025-01-23,0
CLI0225,26,Masculino,Bogotá,Vehiculo,117,710752,0,2,1,Presencial,2026-05-01,0
CLI0226,54,Femenino,Barranquilla,Vehiculo,98,211184,1,0,0,Presencial,2026-05-09,1
CLI0227,50,Masculino,Medellín,Salud,11,167051,2,1,1,Telefonico,2025-10-05,0
CLI0228,68,Femenino,Barranquilla,Vehiculo,54,230653,0,4,1,App,2025-10-09,0
CLI0229,59,Femenino,Cali,Salud,45,325300,2,0,2,Presencial,2024-10-23,0
CLI0230,61,Masculino,Barranquilla,Hogar,47,664010,1,0,0,Presencial,2025-05-04,0
CLI0231,41,Femenino,Bogotá,Vehiculo,12,172036,3,1,2,Web,2025-10-24,1
CLI0232,32,Femenino,Bogotá,Vehiculo,118,832922,1,2,0,Telefonico,2026-06-03,0
CLI0233,71,Femenino,Bucaramanga,Vida,21,227595,4,4,0,Presencial,2025-08-24,0
CLI0234,49,Masculino,Bucaramanga,Salud,118,933392,0,2,3,Web,2025-04-23,0
CLI0235,49,Femenino,Cali,Hogar,11,852997,2,0,1,Presencial,2025-08-24,0
CLI0236,41,Masculino,Medellín,Vida,103,361696,1,0,0,Presencial,2024-11-29,0
CLI0237,58,Femenino,Barranquilla,Vida,92,596612,1,1,1,Presencial,2026-05-31,0
CLI0238,69,Masculino,Cali,Hogar,5,221880,6,0,0,Web,2024-11-14,0
CLI0239,66,Masculino,Bucaramanga,Vida,81,315419,2,1,1,App,2025-05-29,0
CLI0240,66,Femenino,Barranquilla,Salud,56,234692,1,3,3,Presencial,2024-10-12,0
CLI0241,75,Femenino,Bucaramanga,Salud,20,343031,2,0,2,Presencial,2024-08-03,1
CLI0242,69,Masculino,Barranquilla,Vehiculo,41,373946,5,3,0,App,2025-11-18,0
CLI0243,29,Masculino,Medellín,Vida,46,689312,1,1,0,Presencial,2024-08-25,0
CLI0244,56,Femenino,Cali,Vehiculo,12,568765,3,0,2,Telefonico,2025-08-19,1
CLI0245,19,Masculino,Barranquilla,Vida,70,850097,1,1,2,Presencial,2025-02-21,0
CLI0246,20,Femenino,Bogotá,Salud,17,722927,1,0,1,Telefonico,2025-10-01,0
CLI0247,66,Femenino,Bogotá,Salud,115,984680,0,1,2,App,2024-11-24,0
CLI0248,54,Femenino,Barranquilla,Salud,19,686226,3,2,1,Web,2025-11-29,0
CLI0249,66,Femenino,Barranquilla,Vida,26,297813,3,1,1,App,2025-06-15,0
CLI0250,73,Masculino,Barranquilla,Salud,48,856388,2,1,1,Presencial,2025-12-27,0
CLI0251,34,Femenino,Bogotá,Vida,108,464890,1,4,1,Telefonico,2025-03-03,0
CLI0252,66,Masculino,Bogotá,Vehiculo,108,892481,1,4,0,Web,2025-04-14,0
CLI0253,19,Femenino,Barranquilla,Vida,52,419933,2,1,3,Presencial,2026-06-26,0
CLI0254,19,Masculino,Bucaramanga,Vehiculo,96,688814,0,1,3,Web,2026-02-04,0
CLI0255,45,Femenino,Bucaramanga,Vida,70,481062,0,1,3,Web,2025-07-10,0
CLI0256,71,Masculino,Medellín,Vehiculo,55,563779,2,0,0,Presencial,2026-07-15,0
CLI0257,40,Masculino,Cali,Salud,100,577952,2,2,1,App,2024-08-20,0
CLI0258,54,Femenino,Bucaramanga,Vehiculo,102,650508,2,2,0,Presencial,2026-06-14,0
CLI0259,49,Femenino,Bogotá,Salud,75,912595,0,0,0,Presencial,2026-05-31,0
CLI0260,50,Femenino,Bucaramanga,Salud,33,476981,0,1,1,App,2026-05-24,0
CLI0261,18,Femenino,Medellín,Vehiculo,62,459270,1,1,1,Telefonico,2024-10-11,0
CLI0262,36,Masculino,Medellín,Vida,88,947918,2,1,0,Presencial,2025-07-31,0
CLI0263,19,Femenino,Cali,Vida,23,155277,0,0,0,Web,2026-02-20,0
CLI0264,70,Masculino,Bucaramanga,Hogar,15,599570,1,1,0,Presencial,2025-03-31,0
CLI0265,61,Masculino,Bogotá,Vida,27,563455,1,0,2,Presencial,2025-05-27,0
CLI0266,43,Femenino,Bogotá,Hogar,75,970677,3,1,1,Web,2025-03-30,0
CLI0267,49,Masculino,Barranquilla,Vida,64,202332,0,0,2,App,2025-12-14,0
CLI0268,23,Masculino,Bogotá,Vida,115,314231,0,5,2,Telefonico,2025-07-27,0
CLI0269,49,Masculino,Cali,Salud,114,627219,1,3,1,Telefonico,2026-02-04,0
CLI0270,72,Masculino,Cali,Hogar,81,169116,2,0,2,Web,2025-06-17,0
CLI0271,21,Femenino,Bogotá,Vida,51,331671,1,3,0,App,2025-01-10,1
CLI0272,72,Femenino,Bogotá,Hogar,53,922065,4,0,1,Presencial,2024-12-19,0
CLI0273,28,Femenino,Barranquilla,Salud,78,553918,2,0,1,Presencial,2025-11-04,0
CLI0274,73,Femenino,Bogotá,Salud,91,656201,0,1,1,Presencial,2026-01-07,0
CLI0275,34,Masculino,Barranquilla,Hogar,82,854504,1,0,1,Presencial,2026-05-11,0
CLI0276,55,Masculino,Barranquilla,Salud,92,699064,3,1,1,Presencial,2026-01-20,0
CLI0277,41,Femenino,Bogotá,Vehiculo,51,105991,2,2,2,Web,2024-11-21,1
CLI0278,22,Femenino,Medellín,Vehiculo,47,594265,1,3,2,Presencial,2026-01-24,1
CLI0279,69,Femenino,Medellín,Salud,111,790205,0,0,0,Presencial,2025-10-29,0
CLI0280,51,Masculino,Barranquilla,Vehiculo,4,708380,0,0,2,App,2026-05-19,0
CLI0281,23,Femenino,Bogotá,Vida,7,309577,3,2,0,Presencial,2026-07-22,0
CLI0282,39,Femenino,Medellín,Hogar,109,790672,3,1,0,Telefonico,2024-11-04,0
CLI0283,28,Femenino,Bogotá,Vida,35,483777,0,2,1,Web,2025-12-28,0
CLI0284,65,Masculino,Bogotá,Hogar,48,841401,2,1,2,Web,2025-10-15,1
CLI0285,33,Masculino,Bogotá,Salud,73,175556,0,1,1,Web,2025-05-13,0
CLI0286,50,Masculino,Bucaramanga,Vida,72,929307,4,0,1,Telefonico,2025-01-26,0
CLI0287,26,Masculino,Bogotá,Salud,116,236989,0,1,2,Presencial,2026-01-20,0
CLI0288,23,Masculino,Bucaramanga,Salud,45,404264,1,2,0,Web,2024-10-31,0
CLI0289,33,Masculino,Barranquilla,Hogar,81,475204,2,2,1,Telefonico,2025-10-16,0
CLI0290,46,Masculino,Medellín,Hogar,81,586961,0,0,2,App,2024-12-26,0
CLI0291,20,Masculino,Medellín,Hogar,113,976473,1,2,1,Presencial,2024-10-21,0
CLI0292,37,Femenino,Medellín,Vida,97,732755,0,1,1,Telefonico,2026-03-10,0
CLI0293,53,Femenino,Medellín,Vehiculo,96,600616,3,1,0,Presencial,2025-07-08,0
CLI0294,36,Masculino,Medellín,Hogar,72,487472,3,1,0,App,2025-06-20,0
CLI0295,43,Masculino,Medellín,Hogar,19,460634,1,1,1,Telefonico,2025-07-27,0
CLI0296,20,Femenino,Medellín,Vida,63,823088,2,1,1,Presencial,2025-05-17,0
CLI0297,36,Masculino,Barranquilla,Hogar,38,730443,0,0,1,Telefonico,2024-10-19,0
CLI0298,37,Masculino,Bogotá,Vida,67,370374,1,0,0,Web,2025-01-14,0
CLI0299,49,Masculino,Cali,Salud,59,578682,3,1,1,Presencial,2025-02-18,0
CLI0300,24,Femenino,Bucaramanga,Hogar,69,139778,3,2,1,Telefonico,2024-09-23,0
CLI0301,69,Femenino,Cali,Hogar,13,125833,0,1,1,Web,2026-07-19,0
CLI0302,58,Femenino,Cali,Salud,47,889057,0,3,0,App,2024-08-29,1
CLI0303,50,Femenino,Bogotá,Salud,110,636376,1,1,0,Presencial,2025-08-26,0
CLI0304,57,Femenino,Bogotá,Salud,61,815010,2,1,2,Presencial,2025-09-23,1
CLI0305,56,Masculino,Bogotá,Hogar,31,446081,0,0,0,App,2026-04-19,0
CLI0306,35,Femenino,Medellín,Vehiculo,119,544507,1,2,1,Web,2025-08-27,0
CLI0307,57,Masculino,Barranquilla,Vehiculo,80,276375,2,2,2,App,2026-01-15,1
CLI0308,18,Masculino,Medellín,Vehiculo,114,156361,0,0,0,Presencial,2025-10-05,0
CLI0309,28,Femenino,Barranquilla,Hogar,96,430373,0,0,2,Telefonico,2025-05-14,0
CLI0310,45,Femenino,Barranquilla,Salud,22,215189,0,0,1,Web,2025-08-07,0
CLI0311,74,Masculino,Cali,Hogar,93,694553,2,2,0,Web,2025-07-29,0
CLI0312,42,Masculino,Cali,Salud,86,602154,2,1,0,Web,2026-02-13,0
CLI0313,67,Masculino,Barranquilla,Hogar,43,702006,2,2,0,App,2026-03-05,0
CLI0314,40,Femenino,Barranquilla,Hogar,67,402854,1,0,2,App,2026-06-20,0
CLI0315,48,Femenino,Medellín,Salud,54,699164,4,2,0,Telefonico,2026-01-11,0
CLI0316,47,Femenino,Medellín,Vehiculo,10,110949,2,2,1,Telefonico,2025-11-30,0
CLI0317,59,Femenino,Cali,Salud,42,817242,2,0,1,Web,2024-10-01,0
CLI0318,52,Femenino,Bogotá,Vida,64,934568,1,0,1,Telefonico,2025-04-24,0
CLI0319,24,Masculino,Barranquilla,Vida,21,191541,1,1,0,App,2025-05-09,1
CLI0320,33,Femenino,Medellín,Salud,80,799979,2,1,0,Telefonico,2025-05-21,0
CLI0321,43,Masculino,Cali,Hogar,76,141842,2,1,0,App,2025-02-16,1
CLI0322,65,Masculino,Medellín,Vida,66,568019,1,1,1,Telefonico,2025-01-13,0
CLI0323,74,Masculino,Barranquilla,Vida,41,312930,2,2,0,Presencial,2024-12-12,0
CLI0324,69,Femenino,Barranquilla,Hogar,24,369134,2,3,0,App,2025-11-01,0
CLI0325,66,Femenino,Bucaramanga,Hogar,35,751553,0,1,1,Presencial,2025-05-28,0
CLI0326,19,Femenino,Bogotá,Vehiculo,56,372253,1,2,2,App,2025-12-31,0
CLI0327,18,Masculino,Bucaramanga,Hogar,30,210356,0,2,3,Telefonico,2026-04-19,0
CLI0328,65,Masculino,Cali,Salud,57,848917,3,0,0,Presencial,2026-01-21,0
CLI0329,29,Masculino,Medellín,Salud,94,817090,1,2,0,Telefonico,2024-09-11,0
CLI0330,22,Masculino,Cali,Vehiculo,47,994565,2,2,2,App,2024-10-11,0
CLI0331,54,Masculino,Barranquilla,Vida,35,769870,2,3,0,Presencial,2025-07-17,1
CLI0332,49,Masculino,Bucaramanga,Vida,19,867738,0,1,2,Web,2026-05-12,0
CLI0333,72,Femenino,Bucaramanga,Hogar,114,83849,4,1,1,Telefonico,2024-08-26,0
CLI0334,26,Femenino,Bucaramanga,Salud,8,92360,2,0,3,App,2025-01-29,1
CLI0335,58,Femenino,Cali,Vida,26,453216,1,0,2,Presencial,2025-07-20,0
CLI0336,52,Femenino,Barranquilla,Vehiculo,113,857567,0,1,1,Telefonico,2026-02-28,0
CLI0337,36,Masculino,Medellín,Vehiculo,104,699055,1,1,1,Presencial,2024-10-28,0
CLI0338,65,Masculino,Medellín,Salud,71,341445,1,0,1,Telefonico,2025-01-07,0
CLI0339,33,Femenino,Cali,Vehiculo,30,781160,0,1,0,Telefonico,2025-12-04,0
CLI0340,20,Masculino,Bucaramanga,Vehiculo,7,601658,3,1,0,Telefonico,2025-07-23,0
CLI0341,37,Femenino,Bogotá,Salud,67,510179,2,2,0,Presencial,2026-01-09,0
CLI0342,41,Femenino,Cali,Hogar,65,134330,0,1,0,Presencial,2024-11-28,0
CLI0343,71,Femenino,Cali,Hogar,36,131707,2,0,1,Telefonico,2025-08-16,0
CLI0344,73,Masculino,Barranquilla,Vehiculo,25,360833,1,1,1,Web,2024-09-12,0
CLI0345,50,Femenino,Medellín,Hogar,37,633372,0,0,2,Web,2026-03-11,0
CLI0346,41,Femenino,Cali,Hogar,1,120387,2,0,0,Web,2026-01-24,0
CLI0347,69,Femenino,Cali,Vehiculo,15,941248,4,0,1,App,2025-11-02,0
CLI0348,28,Masculino,Bucaramanga,Hogar,37,606930,3,2,1,Web,2025-02-15,0
CLI0349,66,Masculino,Bucaramanga,Vehiculo,13,908569,2,1,0,Presencial,2025-10-05,1
CLI0350,25,Femenino,Bogotá,Vida,104,553048,2,1,1,Web,2025-06-01,0
CLI0351,53,Masculino,Barranquilla,Salud,8,266633,1,1,0,Presencial,2026-06-16,0
CLI0352,55,Masculino,Bogotá,Salud,5,928692,1,1,0,App,2026-04-28,0
CLI0353,57,Masculino,Bucaramanga,Hogar,60,750798,3,1,0,Presencial,2026-05-29,0
CLI0354,37,Masculino,Medellín,Hogar,73,914874,2,1,0,Presencial,2025-06-14,0
CLI0355,52,Masculino,Bucaramanga,Hogar,1,969493,1,1,1,Presencial,2024-10-27,0
CLI0356,65,Masculino,Barranquilla,Salud,36,476210,2,3,0,Web,2026-07-23,0
CLI0357,42,Masculino,Bucaramanga,Vida,35,858799,2,1,0,Telefonico,2025-04-29,0
CLI0358,52,Masculino,Barranquilla,Vida,66,467988,0,1,2,Presencial,2024-08-16,0
CLI0359,42,Masculino,Barranquilla,Salud,63,441719,2,2,0,Web,2025-06-18,0
CLI0360,46,Masculino,Barranquilla,Vida,104,868245,0,1,0,Web,2025-04-18,0
CLI0361,35,Femenino,Barranquilla,Salud,23,959459,1,3,1,Web,2025-03-13,0
CLI0362,63,Femenino,Barranquilla,Vida,9,989921,3,1,1,Telefonico,2024-09-14,0
CLI0363,35,Masculino,Medellín,Vehiculo,34,164381,4,0,1,Telefonico,2026-05-20,1
CLI0364,19,Femenino,Bogotá,Vehiculo,46,854168,3,3,2,Telefonico,2026-05-09,0
CLI0365,71,Femenino,Cali,Salud,78,921708,1,0,1,Telefonico,2026-06-03,0
CLI0366,52,Masculino,Bogotá,Vida,4,907675,2,1,0,App,2026-07-11,0
CLI0367,33,Masculino,Barranquilla,Hogar,30,273984,0,0,0,Telefonico,2025-04-30,0
CLI0368,58,Masculino,Medellín,Vida,95,140272,3,1,1,Telefonico,2026-02-25,0
CLI0369,53,Femenino,Bucaramanga,Vehiculo,102,575916,1,2,1,Telefonico,2025-09-06,0
CLI0370,50,Femenino,Medellín,Vehiculo,75,777411,1,0,1,Presencial,2025-01-05,0
CLI0371,21,Masculino,Barranquilla,Vida,99,818096,0,1,1,Presencial,2025-01-02,0
CLI0372,50,Masculino,Medellín,Vida,72,333091,0,3,0,Telefonico,2024-09-20,0
CLI0373,31,Masculino,Medellín,Hogar,3,932050,1,2,1,App,2026-01-10,1
CLI0374,38,Femenino,Barranquilla,Hogar,14,344064,1,2,2,Presencial,2024-10-29,1
CLI0375,65,Femenino,Medellín,Vida,60,186121,1,0,1,Web,2026-04-17,0
CLI0376,37,Femenino,Cali,Vida,77,550435,1,1,0,Presencial,2026-04-01,0
CLI0377,73,Femenino,Cali,Vida,45,681160,1,0,2,Web,2025-09-17,0
CLI0378,25,Masculino,Medellín,Vida,96,947564,0,2,0,Presencial,2026-01-31,0
CLI0379,24,Masculino,Bucaramanga,Salud,34,344237,3,2,1,Telefonico,2024-11-24,0
CLI0380,20,Masculino,Barranquilla,Vida,45,355049,1,2,1,Presencial,2025-09-19,0
CLI0381,34,Masculino,Cali,Hogar,61,726047,0,1,1,Telefonico,2024-11-14,0
CLI0382,50,Femenino,Bucaramanga,Vehiculo,83,497567,0,0,1,Telefonico,2025-06-21,0
CLI0383,65,Femenino,Medellín,Salud,102,373125,0,0,0,Presencial,2026-05-23,0
CLI0384,29,Masculino,Bucaramanga,Vida,16,940335,2,2,2,Web,2026-02-22,0
CLI0385,68,Masculino,Bogotá,Vehiculo,66,937253,3,1,1,Web,2025-12-04,1
CLI0386,39,Femenino,Cali,Salud,40,451344,0,0,1,Presencial,2025-02-24,0
CLI0387,72,Masculino,Medellín,Vehiculo,17,162289,0,0,0,Telefonico,2026-03-16,0
CLI0388,39,Femenino,Barranquilla,Vida,119,720794,0,0,0,Web,2025-03-24,0
CLI0389,63,Masculino,Medellín,Vida,34,682801,1,0,1,App,2024-09-21,0
CLI0390,47,Masculino,Barranquilla,Hogar,106,493090,4,3,0,Telefonico,2025-11-27,1
CLI0391,55,Masculino,Medellín,Vida,16,786291,1,1,2,Presencial,2025-02-04,0
CLI0392,55,Masculino,Bucaramanga,Vida,102,480890,0,0,0,Telefonico,2025-02-23,0
CLI0393,62,Masculino,Bucaramanga,Salud,60,392660,0,2,1,App,2025-12-01,0
CLI0394,68,Masculino,Bucaramanga,Hogar,66,339480,2,1,0,App,2024-11-19,0
CLI0395,71,Masculino,Bogotá,Salud,66,866331,1,3,1,Web,2025-08-30,0
CLI0396,25,Femenino,Barranquilla,Vehiculo,90,796046,0,1,0,App,2025-06-05,0
CLI0397,44,Femenino,Bucaramanga,Vida,13,568067,1,1,1,Telefonico,2026-01-19,0
CLI0398,44,Femenino,Bogotá,Vehiculo,56,411356,0,5,1,Web,2025-09-27,1
CLI0399,51,Femenino,Barranquilla,Salud,111,213498,3,1,1,App,2024-10-25,0
CLI0400,38,Femenino,Medellín,Vida,31,334024,1,1,0,Web,2025-03-13,0
CLI0401,47,Masculino,Bogotá,Vida,34,735258,0,1,1,Web,2025-10-24,0
CLI0402,50,Masculino,Cali,Salud,39,170009,0,1,2,Presencial,2024-09-25,1
CLI0403,45,Femenino,Bogotá,Salud,67,803858,3,0,1,Web,2025-05-19,0
CLI0404,64,Masculino,Bogotá,Salud,8,503159,1,1,1,Web,2024-08-16,0
CLI0405,50,Femenino,Barranquilla,Salud,87,801755,1,0,2,App,2024-12-01,0
CLI0406,22,Femenino,Medellín,Salud,78,124816,2,0,1,Telefonico,2025-04-05,0
CLI0407,65,Masculino,Cali,Vida,120,84138,2,1,3,Telefonico,2025-12-21,0
CLI0408,36,Masculino,Bucaramanga,Salud,55,171176,1,2,0,App,2026-04-06,0
CLI0409,21,Masculino,Bucaramanga,Vida,27,418089,1,1,2,Telefonico,2026-01-21,0
CLI0410,52,Femenino,Bogotá,Vida,118,870449,2,1,1,Web,2024-11-21,0
CLI0411,66,Masculino,Barranquilla,Salud,93,876883,2,0,0,Presencial,2025-03-03,0
CLI0412,34,Femenino,Barranquilla,Salud,103,798316,2,2,0,Web,2025-02-17,1
CLI0413,61,Femenino,Bucaramanga,Hogar,53,436007,1,0,0,Web,2025-09-28,0
CLI0414,45,Femenino,Cali,Vida,39,876710,2,3,1,Presencial,2025-02-15,0
CLI0415,47,Masculino,Medellín,Salud,65,301552,2,3,2,App,2026-04-01,1
CLI0416,46,Masculino,Cali,Salud,17,123764,2,1,1,Web,2024-10-21,0
CLI0417,63,Femenino,Medellín,Salud,105,203030,0,0,1,Web,2024-12-17,0
CLI0418,70,Masculino,Bucaramanga,Hogar,30,998638,4,1,1,App,2026-02-28,0
CLI0419,23,Masculino,Medellín,Hogar,53,929375,2,1,0,Web,2025-02-10,0
CLI0420,52,Masculino,Barranquilla,Vehiculo,13,699955,1,3,1,Web,2025-05-06,0
CLI0421,58,Femenino,Bogotá,Vida,21,396462,2,1,1,Telefonico,2026-02-13,0
CLI0422,54,Femenino,Bogotá,Vehiculo,19,969855,2,0,1,App,2026-06-03,0
CLI0423,41,Masculino,Bucaramanga,Salud,53,446142,0,2,0,Web,2025-10-04,0
CLI0424,46,Femenino,Barranquilla,Hogar,19,140128,1,0,0,Web,2025-01-25,0
CLI0425,66,Masculino,Cali,Hogar,57,299128,2,0,1,Presencial,2025-01-28,0
CLI0426,63,Masculino,Barranquilla,Vehiculo,25,888301,1,1,1,Presencial,2026-04-06,0
CLI0427,70,Masculino,Bogotá,Hogar,86,313540,3,1,0,Presencial,2026-03-27,0
CLI0428,48,Masculino,Bogotá,Salud,31,85039,1,1,0,Web,2025-06-22,1
CLI0429,52,Femenino,Barranquilla,Hogar,81,232353,1,0,3,Web,2025-06-28,1
CLI0430,50,Femenino,Barranquilla,Vehiculo,55,192935,2,3,0,Presencial,2025-03-04,0
CLI0431,69,Femenino,Bogotá,Salud,23,614730,0,1,0,Telefonico,2025-03-21,0
CLI0432,38,Masculino,Cali,Vehiculo,32,940220,1,0,0,Telefonico,2025-02-19,0
CLI0433,49,Masculino,Bucaramanga,Hogar,62,986161,1,2,3,Telefonico,2025-06-29,1
CLI0434,40,Masculino,Bucaramanga,Vehiculo,74,369730,2,2,0,Telefonico,2025-11-09,0
CLI0435,50,Femenino,Barranquilla,Vehiculo,10,133053,1,1,0,App,2025-11-11,0
CLI0436,20,Masculino,Bucaramanga,Vida,100,261561,2,1,1,Presencial,2025-06-29,0
CLI0437,35,Femenino,Bogotá,Hogar,72,818464,2,2,1,Web,2024-10-24,0
CLI0438,42,Femenino,Bogotá,Hogar,54,166346,0,0,3,Presencial,2024-08-06,0
CLI0439,59,Femenino,Barranquilla,Vehiculo,52,409231,4,1,2,Telefonico,2025-02-20,1
CLI0440,48,Femenino,Barranquilla,Vida,20,485841,3,2,3,Web,2025-05-22,1
CLI0441,71,Femenino,Barranquilla,Hogar,32,638685,0,0,1,App,2025-08-06,0
CLI0442,75,Femenino,Cali,Salud,114,400815,1,1,0,Presencial,2026-03-25,0
CLI0443,20,Masculino,Bucaramanga,Vehiculo,14,196214,1,1,1,Web,2024-11-05,0
CLI0444,57,Masculino,Barranquilla,Hogar,50,565001,2,1,2,Web,2025-12-03,0
CLI0445,63,Femenino,Medellín,Salud,28,933329,1,2,1,Telefonico,2024-11-12,1
CLI0446,41,Femenino,Medellín,Hogar,110,761509,0,1,2,Telefonico,2024-08-22,0
CLI0447,67,Masculino,Bogotá,Salud,116,478499,0,1,1,Presencial,2025-12-22,0
CLI0448,49,Femenino,Bucaramanga,Vehiculo,53,480826,1,3,0,App,2025-12-30,0
CLI0449,64,Femenino,Barranquilla,Hogar,24,516542,1,2,0,Web,2024-12-17,0
CLI0450,39,Masculino,Medellín,Hogar,79,357068,1,1,2,Telefonico,2026-03-19,0
CLI0451,40,Femenino,Bucaramanga,Vida,22,717431,4,0,0,Presencial,2025-07-11,0
CLI0452,19,Femenino,Bogotá,Vehiculo,30,452397,0,0,2,Telefonico,2025-10-02,0
CLI0453,44,Femenino,Cali,Salud,63,442441,3,0,0,Presencial,2025-10-18,0
CLI0454,59,Masculino,Bucaramanga,Hogar,4,867301,4,1,1,Telefonico,2025-01-16,0
CLI0455,19,Masculino,Bucaramanga,Hogar,77,963520,1,0,0,App,2026-01-24,0
CLI0456,43,Masculino,Cali,Salud,59,867446,1,0,1,Web,2025-10-08,0
CLI0457,34,Femenino,Bucaramanga,Vehiculo,87,614391,1,3,2,Telefonico,2025-02-21,0
CLI0458,57,Femenino,Bogotá,Vida,8,555738,0,1,3,Web,2025-07-08,0
CLI0459,50,Masculino,Bogotá,Vida,82,976749,3,0,1,Presencial,2025-04-29,0
CLI0460,26,Femenino,Cali,Hogar,12,506674,2,0,1,App,2025-11-13,0
CLI0461,60,Femenino,Barranquilla,Salud,119,162409,1,0,1,Web,2024-08-27,0
CLI0462,71,Femenino,Medellín,Hogar,31,103248,3,2,0,Telefonico,2024-08-16,0
CLI0463,65,Femenino,Barranquilla,Salud,78,562376,4,2,2,Web,2026-04-10,0
CLI0464,56,Femenino,Bucaramanga,Vida,34,778876,0,0,1,Web,2026-06-26,0
CLI0465,46,Masculino,Medellín,Vehiculo,82,759530,3,2,1,Presencial,2026-05-14,1
CLI0466,59,Femenino,Cali,Salud,120,88024,1,1,0,App,2025-10-30,0
CLI0467,72,Masculino,Cali,Vida,98,555430,2,2,2,App,2025-10-27,0
CLI0468,43,Femenino,Medellín,Hogar,75,314864,1,0,2,Web,2024-09-26,0
CLI0469,52,Masculino,Bogotá,Salud,105,952379,1,1,0,Web,2025-09-23,0
CLI0470,67,Femenino,Medellín,Vehiculo,76,254875,3,2,1,Presencial,2025-02-18,1
CLI0471,42,Masculino,Bucaramanga,Hogar,49,433973,2,2,0,Web,2026-01-09,0
CLI0472,41,Femenino,Bogotá,Hogar,79,959140,2,3,1,Presencial,2026-07-15,0
CLI0473,30,Masculino,Cali,Vida,57,953096,0,2,0,App,2024-08-17,0
CLI0474,75,Femenino,Medellín,Salud,95,491473,1,0,2,App,2025-04-12,0
CLI0475,24,Masculino,Barranquilla,Hogar,113,223927,1,1,2,Presencial,2025-03-08,0
CLI0476,74,Femenino,Barranquilla,Vehiculo,93,165178,2,2,1,Web,2026-01-03,0
CLI0477,53,Masculino,Bucaramanga,Salud,26,967553,3,0,1,App,2025-03-20,0
CLI0478,62,Masculino,Barranquilla,Vehiculo,18,596540,3,1,3,Telefonico,2025-06-25,1
CLI0479,37,Femenino,Medellín,Hogar,96,886457,2,2,0,Presencial,2025-05-29,1
CLI0480,18,Femenino,Medellín,Vehiculo,86,477674,0,2,0,App,2026-05-15,0
CLI0481,25,Masculino,Barranquilla,Vida,38,143610,2,2,1,App,2025-01-10,0
CLI0482,63,Femenino,Medellín,Vehiculo,81,675131,0,0,1,App,2026-05-13,0
CLI0483,33,Masculino,Bucaramanga,Salud,87,711525,2,2,1,Telefonico,2025-09-29,0
CLI0484,31,Masculino,Bogotá,Vehiculo,88,557177,3,1,3,Telefonico,2026-06-04,0
CLI0485,29,Masculino,Bucaramanga,Vehiculo,50,785191,1,1,1,Telefonico,2025-02-17,0
CLI0486,68,Femenino,Bucaramanga,Vida,8,778787,3,1,0,Web,2026-01-05,0
CLI0487,40,Masculino,Medellín,Vehiculo,41,567025,1,2,0,Presencial,2025-03-08,0
CLI0488,32,Masculino,Bogotá,Vehiculo,6,734587,0,1,1,Web,2026-03-19,0
CLI0489,45,Femenino,Medellín,Hogar,69,511722,3,0,1,Telefonico,2025-02-25,0
CLI0490,51,Femenino,Cali,Hogar,44,85668,0,4,0,Presencial,2024-12-28,0
CLI0491,19,Femenino,Medellín,Salud,64,302542,2,1,0,Web,2026-05-10,0
CLI0492,49,Femenino,Medellín,Hogar,29,258267,2,0,0,Web,2024-11-18,0
CLI0493,40,Masculino,Medellín,Hogar,28,939665,4,0,0,Web,2026-06-18,0
CLI0494,39,Masculino,Bogotá,Hogar,11,235489,3,1,0,Telefonico,2025-04-05,0
CLI0495,68,Masculino,Medellín,Hogar,65,424126,2,0,0,App,2024-10-26,0
CLI0496,42,Masculino,Bogotá,Vida,107,710421,2,0,1,Presencial,2025-03-26,0
CLI0497,75,Femenino,Barranquilla,Hogar,19,877183,3,4,1,Telefonico,2025-03-20,0
CLI0498,39,Masculino,Cali,Vida,9,388362,2,1,2,Presencial,2026-07-14,0
CLI0499,75,Masculino,Bogotá,Vida,27,993081,2,0,1,Telefonico,2024-12-04,0
CLI0500,75,Femenino,Barranquilla,Hogar,34,873784,0,2,1,Web,2025-10-11,0
CLI0501,39,Masculino,Bogotá,Vehiculo,44,814412,2,1,2,Web,2026-03-06,0
CLI0502,66,Masculino,Bogotá,Vida,68,168835,1,0,1,App,2025-04-16,0
CLI0503,69,Masculino,Cali,Vehiculo,100,701781,2,0,2,App,2026-02-10,0
CLI0504,59,Masculino,Bucaramanga,Vehiculo,82,895359,2,0,0,Presencial,2025-01-15,0
CLI0505,23,Masculino,Bucaramanga,Hogar,15,776454,2,0,2,App,2025-02-16,0
CLI0506,32,Masculino,Bogotá,Salud,51,181948,2,1,0,App,2026-04-03,0
CLI0507,71,Femenino,Medellín,Hogar,13,265194,2,0,0,Presencial,2026-05-27,0
CLI0508,60,Femenino,Barranquilla,Salud,83,633781,2,2,1,Telefonico,2026-03-13,0
CLI0509,54,Masculino,Medellín,Salud,49,546755,1,0,1,App,2025-05-12,0
CLI0510,50,Masculino,Medellín,Hogar,70,373851,2,1,1,Telefonico,2025-03-13,0
CLI0511,25,Femenino,Bogotá,Hogar,112,804174,4,4,3,Web,2026-01-24,0
CLI0512,70,Masculino,Bogotá,Salud,56,218368,0,1,0,App,2026-02-24,0
CLI0513,61,Masculino,Bogotá,Hogar,76,236470,0,2,0,Web,2024-11-29,0
CLI0514,61,Masculino,Bogotá,Salud,51,377986,1,1,3,Web,2024-09-30,0
CLI0515,22,Femenino,Bucaramanga,Vehiculo,37,93261,0,2,0,Telefonico,2025-11-28,1
CLI0516,56,Masculino,Bogotá,Hogar,17,156709,3,1,0,Presencial,2026-06-29,0
CLI0517,21,Femenino,Bucaramanga,Vehiculo,58,700273,0,1,3,App,2025-08-05,0
CLI0518,23,Masculino,Bucaramanga,Vida,87,448760,0,2,1,Telefonico,2025-09-05,0
CLI0519,62,Femenino,Bogotá,Vehiculo,90,933605,3,1,0,Presencial,2025-03-07,0
CLI0520,49,Femenino,Cali,Vehiculo,29,373925,1,2,1,Web,2026-05-22,0
CLI0521,69,Masculino,Barranquilla,Salud,33,355796,2,0,0,App,2025-09-22,0
CLI0522,47,Femenino,Medellín,Vehiculo,60,347247,0,0,2,Web,2024-08-03,0
CLI0523,64,Masculino,Bucaramanga,Hogar,91,367644,0,2,1,Web,2026-05-14,0
CLI0524,52,Femenino,Barranquilla,Salud,89,850692,2,2,3,App,2026-02-13,0
CLI0525,72,Masculino,Cali,Vida,120,704624,0,0,0,Presencial,2026-02-02,0
CLI0526,57,Masculino,Medellín,Hogar,55,508745,0,1,0,Presencial,2024-11-11,0
CLI0527,69,Femenino,Medellín,Vida,10,717787,2,4,1,App,2025-11-14,0
CLI0528,33,Masculino,Bucaramanga,Vehiculo,47,753812,2,1,1,App,2025-04-02,0
CLI0529,30,Masculino,Bogotá,Hogar,23,915825,2,1,0,Telefonico,2026-07-27,0
CLI0530,67,Femenino,Cali,Hogar,85,504390,3,1,2,Telefonico,2025-10-08,1
CLI0531,59,Masculino,Bucaramanga,Vida,21,537666,2,0,1,Web,2024-11-19,0
CLI0532,47,Masculino,Cali,Hogar,107,770796,3,1,0,App,2025-08-06,0
CLI0533,36,Femenino,Bogotá,Hogar,13,389550,2,1,1,Presencial,2026-04-06,0
CLI0534,34,Femenino,Bogotá,Hogar,101,405203,1,1,2,Web,2025-08-09,0
CLI0535,73,Masculino,Bucaramanga,Vehiculo,33,751314,3,2,0,Web,2025-05-19,0
CLI0536,36,Masculino,Bogotá,Vida,24,424866,1,1,1,Web,2025-09-04,0
CLI0537,45,Femenino,Barranquilla,Hogar,108,855107,1,2,2,Web,2025-02-22,0
CLI0538,75,Femenino,Medellín,Salud,11,616644,0,1,1,Presencial,2024-10-16,0
CLI0539,72,Masculino,Bucaramanga,Salud,17,732416,1,2,0,Web,2026-01-25,0
CLI0540,43,Femenino,Cali,Salud,68,82187,1,0,0,App,2025-10-24,0
CLI0541,54,Masculino,Barranquilla,Salud,47,943675,3,0,1,Telefonico,2025-03-08,0
CLI0542,43,Masculino,Bucaramanga,Vehiculo,25,901530,0,2,2,Presencial,2025-04-22,0
CLI0543,70,Masculino,Bogotá,Hogar,94,565687,1,1,1,App,2026-04-08,0
CLI0544,40,Masculino,Bogotá,Vida,73,756585,1,1,0,App,2025-12-08,0
CLI0545,26,Masculino,Bogotá,Hogar,21,738966,1,0,1,App,2025-08-28,0
CLI0546,29,Femenino,Bogotá,Vehiculo,84,924052,1,1,4,Telefonico,2025-02-25,1
CLI0547,70,Femenino,Cali,Salud,83,506044,1,0,2,Telefonico,2026-01-14,0
CLI0548,18,Femenino,Barranquilla,Vehiculo,83,206270,0,2,2,Telefonico,2026-06-12,0
CLI0549,75,Femenino,Medellín,Hogar,12,880819,1,0,2,App,2026-03-12,0
CLI0550,75,Masculino,Cali,Vida,37,411607,2,0,2,Telefonico,2025-02-19,0
CLI0551,18,Masculino,Cali,Vehiculo,42,847286,2,0,2,Web,2025-03-05,0
CLI0552,64,Masculino,Medellín,Vida,17,845791,0,2,0,Telefonico,2024-09-30,0
CLI0553,51,Masculino,Medellín,Vehiculo,101,433827,1,2,1,Presencial,2026-07-02,0
CLI0554,49,Femenino,Bogotá,Vida,118,666349,6,3,1,App,2026-05-11,0
CLI0555,71,Masculino,Cali,Vida,48,839785,1,3,2,App,2026-07-01,0
CLI0556,65,Masculino,Bucaramanga,Salud,103,161257,1,2,1,Web,2025-09-02,0
CLI0557,42,Femenino,Medellín,Vida,28,141753,1,1,1,Telefonico,2024-10-10,0
CLI0558,57,Femenino,Medellín,Salud,41,951206,1,0,1,Telefonico,2026-02-05,0
CLI0559,62,Femenino,Barranquilla,Hogar,99,484303,1,2,1,Presencial,2025-07-27,0
CLI0560,70,Femenino,Bucaramanga,Hogar,47,504032,3,2,1,Web,2025-01-31,0
CLI0561,18,Masculino,Bucaramanga,Salud,112,103408,1,3,0,Presencial,2025-02-12,0
CLI0562,33,Masculino,Medellín,Salud,18,204116,1,1,3,Presencial,2026-04-17,1
CLI0563,56,Femenino,Bogotá,Vehiculo,78,735496,0,1,3,App,2026-04-26,0
CLI0564,22,Masculino,Barranquilla,Vehiculo,99,97413,3,1,3,App,2025-12-14,1
CLI0565,39,Masculino,Bucaramanga,Vehiculo,108,717938,0,3,0,Telefonico,2025-12-17,0
CLI0566,46,Masculino,Medellín,Hogar,105,139500,0,1,0,Telefonico,2025-07-26,0
CLI0567,72,Femenino,Bucaramanga,Vehiculo,71,950946,2,1,0,Presencial,2026-04-23,0
CLI0568,20,Masculino,Barranquilla,Vida,105,136358,1,2,1,Telefonico,2025-05-13,0
CLI0569,29,Femenino,Barranquilla,Vida,13,146197,3,2,0,Presencial,2025-04-20,0
CLI0570,43,Masculino,Cali,Vehiculo,82,573992,1,1,0,Telefonico,2026-06-07,0
CLI0571,33,Masculino,Medellín,Vida,101,828149,0,1,0,Telefonico,2026-01-18,0
CLI0572,68,Masculino,Barranquilla,Hogar,13,303492,5,3,0,App,2025-02-27,0
CLI0573,54,Femenino,Cali,Vida,100,865833,1,2,2,App,2025-06-03,0
CLI0574,39,Masculino,Cali,Hogar,31,506070,2,0,1,App,2025-09-20,0
CLI0575,74,Femenino,Bucaramanga,Salud,2,156240,2,2,0,App,2026-03-26,1
CLI0576,46,Femenino,Bucaramanga,Salud,16,315595,0,1,2,Web,2026-06-30,1
CLI0577,31,Femenino,Cali,Salud,9,602710,0,3,1,App,2026-04-30,0
CLI0578,45,Masculino,Bucaramanga,Salud,73,825423,1,1,3,Web,2025-02-28,0
CLI0579,22,Masculino,Barranquilla,Vida,38,358466,3,2,3,App,2025-11-16,0
CLI0580,64,Masculino,Bogotá,Vehiculo,75,979485,1,0,3,Telefonico,2025-12-24,0
CLI0581,66,Masculino,Barranquilla,Vida,54,86968,2,2,2,Presencial,2026-04-17,0
CLI0582,47,Femenino,Cali,Hogar,56,369662,0,2,2,Telefonico,2025-01-30,1
CLI0583,63,Femenino,Cali,Vida,86,918357,2,1,1,Telefonico,2025-06-11,1
CLI0584,69,Femenino,Barranquilla,Vida,97,270920,0,0,4,Web,2025-01-21,0
CLI0585,22,Masculino,Bucaramanga,Hogar,100,978332,1,2,1,App,2025-09-26,0
CLI0586,29,Femenino,Bucaramanga,Salud,109,959854,0,3,0,Presencial,2025-07-31,0
CLI0587,33,Masculino,Cali,Salud,87,343844,1,0,3,Presencial,2025-02-26,0
CLI0588,43,Femenino,Medellín,Salud,45,960214,1,1,0,App,2025-04-29,0
CLI0589,43,Masculino,Bucaramanga,Vehiculo,109,312076,0,1,1,Web,2024-12-10,0
CLI0590,65,Masculino,Barranquilla,Hogar,34,103199,1,0,0,Web,2025-07-27,0
CLI0591,38,Femenino,Bucaramanga,Hogar,9,517805,1,1,2,Web,2025-09-04,0
CLI0592,56,Femenino,Barranquilla,Vida,88,243187,1,2,1,Presencial,2024-09-11,1
CLI0593,53,Femenino,Cali,Vehiculo,8,535150,2,0,1,Web,2024-10-28,0
CLI0594,50,Femenino,Bucaramanga,Salud,7,589551,1,1,0,Web,2024-08-24,0
CLI0595,47,Masculino,Barranquilla,Vehiculo,36,593942,3,2,2,Presencial,2026-07-21,1
CLI0596,54,Femenino,Cali,Hogar,18,789676,1,3,0,Presencial,2025-03-12,0
CLI0597,40,Femenino,Medellín,Hogar,3,85520,0,0,0,Telefonico,2025-06-08,0
CLI0598,75,Femenino,Barranquilla,Vida,28,714102,2,1,0,Presencial,2026-04-01,0
CLI0599,27,Masculino,Medellín,Vida,70,247527,3,2,1,App,2025-12-09,1
CLI0600,71,Masculino,Medellín,Hogar,108,850644,2,2,0,Presencial,2025-09-04,0
CLI0601,22,Femenino,Bogotá,Salud,44,727652,1,1,2,Presencial,2025-02-04,0
CLI0602,53,Masculino,Bucaramanga,Salud,21,619243,1,1,2,Web,2025-08-18,0
CLI0603,51,Femenino,Barranquilla,Vehiculo,28,255121,2,1,1,Telefonico,2025-06-15,0
CLI0604,69,Masculino,Medellín,Hogar,104,749277,2,2,0,Web,2025-12-20,0
CLI0605,48,Masculino,Bogotá,Hogar,54,551797,2,2,0,Telefonico,2026-03-01,1
CLI0606,27,Masculino,Cali,Salud,54,330144,2,1,1,Web,2026-01-01,0
CLI0607,75,Masculino,Barranquilla,Salud,65,144925,2,0,0,App,2026-05-01,0
CLI0608,36,Femenino,Medellín,Hogar,100,449360,6,2,1,Web,2025-09-04,0
CLI0609,75,Femenino,Bucaramanga,Vida,21,674557,0,3,0,Web,2025-04-21,0
CLI0610,49,Femenino,Bogotá,Hogar,107,383602,2,1,0,App,2024-10-29,0
CLI0611,18,Masculino,Medellín,Hogar,99,431181,2,1,1,App,2024-08-22,0
CLI0612,73,Femenino,Bucaramanga,Salud,13,756473,0,0,1,Presencial,2025-01-24,0
CLI0613,22,Femenino,Medellín,Salud,57,179977,2,2,2,Web,2025-12-16,0
CLI0614,62,Femenino,Barranquilla,Vida,49,585838,1,0,0,App,2026-01-19,0
CLI0615,21,Masculino,Barranquilla,Vida,118,599163,1,1,0,App,2025-02-17,0
CLI0616,33,Masculino,Barranquilla,Vehiculo,54,563442,4,1,0,Presencial,2025-12-01,1
CLI0617,41,Masculino,Bogotá,Hogar,10,910371,3,0,0,Telefonico,2025-07-08,0
CLI0618,33,Femenino,Barranquilla,Salud,53,109345,1,1,0,App,2025-10-29,0
CLI0619,72,Femenino,Bucaramanga,Vida,44,859976,0,1,0,App,2025-05-08,0
CLI0620,19,Femenino,Medellín,Vehiculo,47,452251,0,2,1,Web,2024-10-31,0
CLI0621,66,Masculino,Cali,Vehiculo,53,988298,0,2,1,Presencial,2024-12-22,1
CLI0622,45,Masculino,Bucaramanga,Salud,74,866086,2,0,0,Web,2025-01-04,0
CLI0623,49,Femenino,Bucaramanga,Salud,46,573814,2,2,0,Telefonico,2025-04-10,0
CLI0624,44,Masculino,Barranquilla,Vehiculo,13,411310,5,0,1,Presencial,2025-04-08,1
CLI0625,37,Masculino,Bogotá,Vida,37,783221,1,0,0,Web,2025-10-17,0
CLI0626,41,Masculino,Medellín,Vehiculo,102,177406,0,1,2,App,2024-09-02,0
CLI0627,29,Masculino,Bogotá,Hogar,24,391442,1,1,0,App,2024-09-10,0
CLI0628,67,Femenino,Medellín,Hogar,2,387086,2,0,3,Presencial,2024-09-22,0
CLI0629,52,Masculino,Medellín,Salud,86,607741,1,3,1,App,2024-09-05,0
CLI0630,50,Masculino,Bogotá,Vida,81,707099,3,0,1,Web,2025-02-07,0
CLI0631,50,Masculino,Bucaramanga,Vida,100,659223,2,1,1,Presencial,2025-09-05,0
CLI0632,68,Masculino,Medellín,Hogar,14,464583,1,1,5,App,2025-04-18,0
CLI0633,60,Femenino,Bogotá,Vehiculo,10,778730,3,1,0,App,2025-02-13,0
CLI0634,54,Femenino,Medellín,Salud,35,874760,0,1,2,Telefonico,2025-04-21,0
CLI0635,29,Masculino,Cali,Vehiculo,25,95534,0,1,1,Telefonico,2025-06-07,1
CLI0636,20,Masculino,Bucaramanga,Vehiculo,3,951712,1,1,0,Presencial,2024-12-01,0
CLI0637,18,Masculino,Barranquilla,Vehiculo,111,640608,4,2,1,Telefonico,2026-04-01,0
CLI0638,50,Masculino,Medellín,Vida,102,653458,2,1,0,Web,2025-09-27,0
CLI0639,57,Masculino,Cali,Hogar,17,180546,0,2,0,App,2025-09-01,0
CLI0640,27,Masculino,Barranquilla,Vida,12,684489,1,1,0,App,2025-06-07,0
CLI0641,60,Femenino,Barranquilla,Hogar,54,838761,1,1,1,App,2025-09-09,0
CLI0642,61,Masculino,Medellín,Salud,116,350784,2,1,1,Presencial,2024-10-21,1
CLI0643,46,Femenino,Bogotá,Salud,24,311324,3,1,1,Presencial,2025-01-05,0
CLI0644,30,Femenino,Medellín,Vehiculo,29,564273,3,1,2,Telefonico,2025-11-24,0
CLI0645,29,Masculino,Cali,Hogar,43,765409,3,1,2,App,2026-04-28,0
CLI0646,48,Femenino,Barranquilla,Hogar,25,478834,1,0,0,App,2025-10-09,0
CLI0647,63,Femenino,Medellín,Hogar,100,313612,1,0,2,App,2026-01-29,0
CLI0648,19,Femenino,Bogotá,Vehiculo,60,791413,1,1,0,App,2025-11-14,0
CLI0649,68,Femenino,Medellín,Vehiculo,90,999424,0,1,3,App,2024-10-03,0
CLI0650,67,Femenino,Bucaramanga,Salud,102,386081,2,3,1,Web,2026-01-27,0
CLI0651,52,Femenino,Bogotá,Vida,65,805084,1,0,0,App,2025-06-18,0
CLI0652,40,Masculino,Cali,Hogar,84,223279,3,0,2,Web,2026-05-24,0
CLI0653,34,Femenino,Barranquilla,Hogar,119,276846,2,0,1,App,2024-11-12,0
CLI0654,43,Femenino,Medellín,Vida,28,768332,1,3,2,Presencial,2026-07-24,0
CLI0655,25,Femenino,Bogotá,Hogar,16,484015,1,2,0,Presencial,2025-11-09,0
CLI0656,46,Masculino,Bucaramanga,Vehiculo,47,806448,2,0,4,Web,2025-04-04,1
CLI0657,43,Femenino,Bogotá,Vehiculo,81,502132,0,1,0,App,2024-11-22,0
CLI0658,27,Masculino,Bucaramanga,Hogar,104,150463,3,2,0,Presencial,2025-07-26,0
CLI0659,43,Femenino,Cali,Vehiculo,92,173500,1,0,1,Presencial,2024-09-23,0
CLI0660,51,Masculino,Barranquilla,Vehiculo,58,287772,0,1,0,App,2026-05-10,0
CLI0661,68,Masculino,Cali,Hogar,76,641446,0,0,2,App,2024-10-24,0
CLI0662,58,Femenino,Medellín,Salud,27,164607,1,3,2,Presencial,2026-01-02,0
CLI0663,24,Femenino,Bogotá,Vida,118,986071,0,2,1,App,2025-09-22,0
CLI0664,21,Masculino,Bucaramanga,Vehiculo,53,849305,2,2,0,Telefonico,2024-12-05,0
CLI0665,75,Femenino,Bucaramanga,Salud,42,413840,1,1,0,App,2025-08-29,0
CLI0666,70,Masculino,Bogotá,Vehiculo,59,927942,0,1,1,Presencial,2025-03-29,0
CLI0667,67,Masculino,Bogotá,Vehiculo,47,200076,0,3,3,Presencial,2025-06-24,0
CLI0668,62,Masculino,Medellín,Vida,94,138692,1,1,0,Web,2024-10-31,0
CLI0669,28,Masculino,Cali,Vehiculo,105,735129,0,0,0,Telefonico,2026-01-22,0
CLI0670,46,Masculino,Bucaramanga,Vida,34,797104,2,1,1,Presencial,2024-09-29,0
CLI0671,73,Femenino,Medellín,Vida,37,882242,1,1,0,Telefonico,2025-08-31,0
CLI0672,53,Masculino,Cali,Vida,6,241081,2,1,1,App,2025-02-25,0
CLI0673,42,Masculino,Medellín,Salud,7,191718,1,3,1,Presencial,2024-11-20,1
CLI0674,38,Femenino,Bucaramanga,Hogar,96,433076,0,0,0,Web,2026-05-06,0
CLI0675,74,Masculino,Bogotá,Salud,96,604480,1,1,0,Presencial,2024-12-30,0
CLI0676,53,Femenino,Bogotá,Hogar,117,327536,6,1,1,Web,2026-05-31,0
CLI0677,27,Femenino,Cali,Hogar,25,116413,2,0,3,Telefonico,2025-07-10,0
CLI0678,54,Femenino,Barranquilla,Vida,33,223888,1,2,1,Web,2026-03-08,0
CLI0679,26,Masculino,Cali,Vehiculo,55,643370,2,0,2,App,2026-03-01,0
CLI0680,41,Masculino,Barranquilla,Vida,58,931480,3,0,1,App,2024-11-20,0
CLI0681,52,Masculino,Medellín,Vehiculo,7,727418,1,2,0,App,2024-10-10,0
CLI0682,66,Femenino,Medellín,Hogar,116,655228,3,0,0,Presencial,2024-09-02,0
CLI0683,52,Masculino,Bucaramanga,Vida,57,767490,0,2,1,App,2025-08-17,0
CLI0684,65,Femenino,Barranquilla,Vehiculo,12,644430,2,1,0,App,2026-02-04,0
CLI0685,53,Masculino,Bucaramanga,Salud,16,602780,0,2,1,Presencial,2025-04-01,1
CLI0686,35,Femenino,Bogotá,Vehiculo,80,116468,3,1,1,Telefonico,2024-10-09,1
CLI0687,66,Masculino,Barranquilla,Vida,43,746015,2,1,0,App,2025-11-27,1
CLI0688,56,Masculino,Cali,Salud,117,258969,4,2,1,App,2025-11-20,0
CLI0689,49,Masculino,Bogotá,Vehiculo,100,503291,1,1,1,Presencial,2025-03-19,1
CLI0690,41,Femenino,Bogotá,Vehiculo,77,995480,3,0,1,Telefonico,2025-02-06,0
CLI0691,40,Femenino,Cali,Vehiculo,7,575413,0,1,2,Telefonico,2025-08-14,1
CLI0692,49,Masculino,Bogotá,Vehiculo,100,316187,2,1,1,Telefonico,2025-03-07,0
CLI0693,54,Masculino,Barranquilla,Vehiculo,111,122056,1,1,1,Presencial,2026-07-19,0
CLI0694,29,Femenino,Bucaramanga,Salud,51,131831,1,1,1,Web,2025-01-19,0
CLI0695,66,Femenino,Bogotá,Hogar,73,925623,0,1,2,Web,2026-03-03,1
CLI0696,72,Femenino,Barranquilla,Salud,32,853952,1,1,2,App,2026-06-12,0
CLI0697,30,Masculino,Medellín,Salud,75,988380,0,1,0,App,2025-12-29,0
CLI0698,40,Femenino,Barranquilla,Salud,8,506488,0,0,1,App,2024-10-26,0
CLI0699,42,Masculino,Bucaramanga,Hogar,97,712405,2,0,2,Web,2025-07-25,0
CLI0700,52,Femenino,Barranquilla,Vida,87,356815,0,1,1,Presencial,2026-04-10,0
CLI0701,58,Masculino,Cali,Hogar,89,369192,0,0,0,App,2025-11-22,0
CLI0702,47,Femenino,Bucaramanga,Salud,120,892395,3,0,0,Presencial,2025-08-25,0
CLI0703,34,Femenino,Medellín,Vehiculo,72,648242,2,0,1,App,2026-06-09,0
CLI0704,66,Femenino,Cali,Vehiculo,45,545525,1,1,0,Presencial,2026-03-24,0
CLI0705,37,Femenino,Barranquilla,Salud,86,313192,4,0,1,Presencial,2026-01-20,0
CLI0706,65,Femenino,Bucaramanga,Vehiculo,59,437574,2,1,0,Web,2024-12-18,0
CLI0707,42,Masculino,Medellín,Salud,4,605005,3,2,0,Presencial,2026-06-05,0
CLI0708,39,Femenino,Cali,Vehiculo,104,353820,2,1,1,Telefonico,2026-04-26,0
CLI0709,30,Femenino,Medellín,Hogar,67,477650,1,1,0,Web,2026-01-15,0
CLI0710,36,Femenino,Barranquilla,Vida,29,260882,2,0,2,App,2024-10-23,0
CLI0711,66,Masculino,Medellín,Vida,105,198696,3,4,0,Web,2026-03-07,0
CLI0712,53,Femenino,Bogotá,Hogar,29,997262,2,0,1,Telefonico,2024-09-16,0
CLI0713,29,Masculino,Cali,Hogar,98,84994,1,0,0,Telefonico,2025-01-03,0
CLI0714,58,Femenino,Medellín,Salud,98,870666,2,1,0,Presencial,2025-01-01,0
CLI0715,36,Femenino,Barranquilla,Salud,28,149300,2,2,1,Telefonico,2025-10-10,1
CLI0716,29,Masculino,Barranquilla,Salud,77,386093,1,2,1,Telefonico,2024-08-08,1
CLI0717,26,Femenino,Medellín,Vehiculo,79,641693,1,1,1,Telefonico,2024-11-18,0
CLI0718,24,Masculino,Barranquilla,Salud,87,377016,0,1,1,Telefonico,2024-09-16,0
CLI0719,45,Masculino,Bucaramanga,Hogar,44,384359,1,2,1,App,2026-07-20,0
CLI0720,31,Femenino,Bucaramanga,Vida,90,627473,0,2,4,App,2025-09-02,0
CLI0721,48,Masculino,Bucaramanga,Vehiculo,4,778802,2,2,0,Web,2025-12-24,0
CLI0722,69,Femenino,Bogotá,Salud,90,596479,2,0,1,Presencial,2025-06-29,1
CLI0723,36,Femenino,Medellín,Vehiculo,104,524975,2,1,1,App,2025-08-24,0
CLI0724,75,Masculino,Bogotá,Vehiculo,9,907585,0,1,4,Telefonico,2025-03-07,0
CLI0725,64,Masculino,Barranquilla,Salud,119,419679,2,2,0,Presencial,2026-02-10,0
CLI0726,33,Masculino,Bogotá,Vehiculo,5,737941,2,1,0,App,2025-04-20,0
CLI0727,70,Masculino,Barranquilla,Vida,56,131717,3,1,0,Web,2026-02-16,0
CLI0728,22,Femenino,Barranquilla,Hogar,96,82763,3,2,3,Telefonico,2024-09-01,0
CLI0729,52,Femenino,Cali,Hogar,84,435054,3,0,0,Presencial,2026-02-12,0
CLI0730,29,Masculino,Bucaramanga,Vida,50,135480,2,1,0,App,2025-01-14,0
CLI0731,42,Femenino,Barranquilla,Vehiculo,75,774119,2,3,0,Presencial,2025-03-07,1
CLI0732,69,Femenino,Cali,Salud,15,287139,0,0,0,App,2026-01-24,1
CLI0733,38,Femenino,Bucaramanga,Vehiculo,32,198094,2,2,1,Web,2026-04-03,1
CLI0734,53,Femenino,Barranquilla,Vida,28,760667,2,1,0,Telefonico,2026-04-18,0
CLI0735,70,Masculino,Barranquilla,Vehiculo,22,831731,2,3,0,Web,2024-09-26,0
CLI0736,40,Masculino,Bogotá,Hogar,105,615352,0,0,1,Telefonico,2026-06-21,0
CLI0737,33,Femenino,Bogotá,Vehiculo,17,156848,0,2,1,Telefonico,2024-09-23,0
CLI0738,74,Masculino,Bucaramanga,Vida,59,641836,2,0,1,Presencial,2025-09-14,0
CLI0739,56,Masculino,Barranquilla,Hogar,90,248017,1,1,2,App,2025-08-31,0
CLI0740,62,Masculino,Medellín,Vehiculo,108,872908,2,1,1,Web,2026-02-22,0
CLI0741,70,Femenino,Bogotá,Vehiculo,71,524972,2,2,1,Web,2025-11-10,0
CLI0742,59,Femenino,Bucaramanga,Hogar,106,956533,4,2,1,Web,2025-02-17,0
CLI0743,75,Femenino,Barranquilla,Salud,57,606670,0,1,0,Presencial,2024-09-15,0
CLI0744,56,Masculino,Barranquilla,Hogar,26,522899,1,0,1,Presencial,2025-04-11,0
CLI0745,31,Femenino,Medellín,Salud,25,561215,0,0,0,Presencial,2025-08-14,0
CLI0746,48,Femenino,Bucaramanga,Vida,10,780636,0,0,2,Telefonico,2025-02-02,0
CLI0747,75,Masculino,Barranquilla,Vida,45,565097,0,2,1,Web,2026-01-03,0
CLI0748,22,Femenino,Bogotá,Hogar,83,583516,1,1,1,Telefonico,2025-03-23,0
CLI0749,52,Femenino,Medellín,Hogar,11,500162,2,1,0,Web,2025-07-15,1
CLI0750,40,Masculino,Bucaramanga,Vida,77,683986,0,0,3,Web,2024-09-24,0
CLI0751,46,Masculino,Medellín,Salud,53,850050,1,0,2,App,2025-04-07,0
CLI0752,60,Masculino,Bogotá,Vida,72,847669,3,2,2,Web,2026-07-27,0
CLI0753,28,Femenino,Bucaramanga,Hogar,104,125095,1,0,1,Presencial,2026-06-28,0
CLI0754,35,Femenino,Medellín,Vida,68,553146,3,1,1,Presencial,2026-03-09,0
CLI0755,64,Femenino,Cali,Hogar,111,472118,3,3,1,Presencial,2025-08-15,0
CLI0756,29,Masculino,Bogotá,Hogar,95,893629,2,2,1,App,2024-12-26,0
CLI0757,26,Masculino,Bogotá,Vida,28,994051,1,1,1,App,2025-04-23,0
CLI0758,27,Femenino,Bogotá,Salud,75,626298,1,1,0,Telefonico,2025-08-18,0
CLI0759,75,Femenino,Cali,Vehiculo,107,497339,1,3,0,Web,2026-03-29,0
CLI0760,61,Masculino,Cali,Vida,65,430067,1,3,1,Web,2025-11-03,0
CLI0761,34,Masculino,Barranquilla,Vehiculo,49,738250,0,0,0,Presencial,2025-08-09,0
CLI0762,55,Masculino,Medellín,Vida,47,472670,2,1,0,Presencial,2025-02-20,0
CLI0763,24,Masculino,Barranquilla,Vehiculo,52,189162,1,1,0,Presencial,2025-03-21,0
CLI0764,63,Femenino,Medellín,Salud,102,463071,3,0,2,Presencial,2026-03-01,1
CLI0765,30,Masculino,Cali,Salud,88,350170,2,1,3,Presencial,2026-06-09,0
CLI0766,57,Femenino,Cali,Vida,54,407069,2,0,1,Presencial,2026-03-05,1
CLI0767,59,Femenino,Barranquilla,Hogar,60,673130,0,3,1,Web,2025-03-16,0
CLI0768,26,Femenino,Bucaramanga,Vehiculo,57,375809,2,1,2,App,2025-05-08,1
CLI0769,67,Masculino,Barranquilla,Hogar,47,351421,1,0,2,Presencial,2025-12-25,0
CLI0770,44,Masculino,Medellín,Hogar,31,253311,3,0,0,Web,2024-11-14,1
CLI0771,75,Masculino,Barranquilla,Hogar,105,520880,2,2,2,Presencial,2025-10-28,0
CLI0772,19,Masculino,Bogotá,Salud,46,914440,0,2,1,Telefonico,2025-05-06,0
CLI0773,22,Femenino,Medellín,Vida,114,881115,4,0,0,Telefonico,2025-05-30,0
CLI0774,46,Masculino,Medellín,Vida,26,736030,2,3,0,Web,2026-05-10,0
CLI0775,54,Masculino,Bucaramanga,Salud,113,300283,3,1,0,App,2025-12-26,0
CLI0776,55,Femenino,Cali,Salud,114,753249,0,0,1,Telefonico,2025-02-20,0
CLI0777,36,Masculino,Medellín,Vida,5,528828,1,1,2,Telefonico,2025-06-23,1
CLI0778,25,Femenino,Cali,Hogar,84,779895,2,1,0,App,2025-10-15,0
CLI0779,65,Femenino,Barranquilla,Vehiculo,52,420686,2,2,0,Telefonico,2025-06-07,0
CLI0780,62,Femenino,Bogotá,Vehiculo,105,396463,1,1,1,Presencial,2025-08-27,0
CLI0781,18,Femenino,Bucaramanga,Vehiculo,75,325144,1,1,0,App,2024-08-20,1
CLI0782,39,Femenino,Cali,Hogar,120,958499,1,0,2,Telefonico,2024-09-30,1
CLI0783,69,Femenino,Medellín,Vida,54,756999,2,1,1,App,2025-06-08,0
CLI0784,34,Femenino,Cali,Salud,33,275784,3,2,2,Presencial,2026-01-06,1
CLI0785,24,Femenino,Medellín,Vida,50,856505,3,1,1,Telefonico,2024-09-14,0
CLI0786,42,Masculino,Cali,Hogar,38,411119,1,3,0,Web,2024-09-04,0
CLI0787,62,Masculino,Medellín,Salud,27,243244,1,1,1,Telefonico,2025-11-09,0
CLI0788,21,Masculino,Barranquilla,Hogar,98,532413,1,2,0,Telefonico,2026-06-26,0
CLI0789,53,Masculino,Medellín,Vehiculo,15,181158,3,3,0,Presencial,2025-07-24,1
CLI0790,23,Femenino,Medellín,Vehiculo,96,878009,3,1,1,Web,2025-03-31,0
CLI0791,48,Masculino,Bogotá,Hogar,61,943731,2,2,1,Web,2025-11-15,0
CLI0792,36,Femenino,Medellín,Salud,21,886608,1,0,0,Web,2025-02-16,0
CLI0793,61,Masculino,Bogotá,Salud,46,143972,0,1,3,Presencial,2026-07-09,0
CLI0794,71,Masculino,Bucaramanga,Vida,69,986450,1,0,0,Presencial,2026-04-19,0
CLI0795,56,Masculino,Bogotá,Vehiculo,6,563007,1,0,2,Presencial,2025-12-03,1
CLI0796,44,Femenino,Barranquilla,Vida,38,514219,1,1,1,Presencial,2024-08-15,0
CLI0797,27,Masculino,Bogotá,Vida,62,362140,2,1,5,Presencial,2025-11-21,0
CLI0798,43,Femenino,Bucaramanga,Hogar,86,705210,3,0,1,Web,2026-03-12,0
CLI0799,36,Femenino,Barranquilla,Hogar,62,953030,3,2,1,App,2024-10-15,0
CLI0800,56,Masculino,Cali,Vida,82,640219,1,1,1,Presencial,2025-05-07,0
CLI0801,20,Masculino,Cali,Vehiculo,78,728456,2,0,2,App,2025-09-28,0
CLI0802,62,Masculino,Bogotá,Hogar,74,246782,1,0,1,Telefonico,2025-03-19,0
CLI0803,30,Femenino,Bogotá,Vida,46,203099,2,0,1,Telefonico,2024-11-17,0
CLI0804,67,Masculino,Bucaramanga,Vida,13,638981,0,4,1,Presencial,2026-07-24,1
CLI0805,45,Femenino,Bucaramanga,Vida,95,188944,1,2,0,Telefonico,2026-05-24,0
CLI0806,75,Femenino,Medellín,Vida,94,828943,0,2,1,App,2024-08-29,0
CLI0807,37,Masculino,Bucaramanga,Vida,3,811862,1,1,1,Telefonico,2024-09-09,0
CLI0808,45,Masculino,Medellín,Vida,94,883806,1,3,1,Telefonico,2025-01-03,0
CLI0809,25,Femenino,Barranquilla,Hogar,6,327572,1,3,0,App,2026-05-25,1
CLI0810,58,Femenino,Bogotá,Vehiculo,93,423615,0,1,0,Telefonico,2024-08-13,0
CLI0811,56,Femenino,Barranquilla,Vida,8,650201,2,2,1,Presencial,2025-06-19,0
CLI0812,18,Masculino,Bucaramanga,Salud,44,990115,1,0,2,App,2025-03-01,0
CLI0813,20,Femenino,Barranquilla,Hogar,109,277097,3,3,0,App,2026-04-04,0
CLI0814,30,Masculino,Barranquilla,Hogar,107,910948,0,0,0,Web,2026-07-01,0
CLI0815,45,Femenino,Barranquilla,Vida,108,692084,1,2,0,Web,2025-03-01,0
CLI0816,74,Femenino,Bucaramanga,Hogar,33,368213,4,1,0,App,2025-04-05,0
CLI0817,66,Masculino,Barranquilla,Vida,81,984765,1,0,0,App,2026-01-06,0
CLI0818,42,Femenino,Medellín,Vehiculo,112,164811,0,1,1,Web,2024-10-01,0
CLI0819,73,Masculino,Bucaramanga,Vehiculo,75,270121,1,3,1,Presencial,2024-12-30,1
CLI0820,50,Masculino,Barranquilla,Hogar,77,837180,1,1,2,Telefonico,2025-07-10,0
CLI0821,55,Femenino,Bucaramanga,Hogar,50,460172,2,0,0,Telefonico,2025-06-15,0
CLI0822,70,Masculino,Cali,Salud,11,643466,2,3,0,Telefonico,2025-07-27,0
CLI0823,23,Masculino,Medellín,Hogar,95,899253,3,0,0,App,2025-08-13,0
CLI0824,75,Femenino,Barranquilla,Salud,28,534151,3,0,0,Presencial,2025-08-30,0
CLI0825,61,Masculino,Cali,Vehiculo,108,621287,2,2,1,Web,2025-10-16,0
CLI0826,62,Masculino,Cali,Vehiculo,70,535738,1,1,0,Presencial,2026-03-14,0
CLI0827,49,Masculino,Bucaramanga,Vida,41,380856,3,1,2,Presencial,2025-10-05,0
CLI0828,62,Femenino,Cali,Vehiculo,16,275623,1,1,1,Telefonico,2026-07-19,0
CLI0829,64,Masculino,Medellín,Salud,68,775532,1,1,0,Web,2024-10-06,0
CLI0830,38,Femenino,Medellín,Hogar,99,375866,1,3,1,Presencial,2025-05-30,0
CLI0831,33,Femenino,Bogotá,Vida,48,877057,1,1,1,Web,2025-06-27,0
CLI0832,71,Masculino,Medellín,Salud,56,278237,1,2,1,App,2026-04-14,1
CLI0833,38,Masculino,Cali,Hogar,64,611147,0,0,1,Telefonico,2025-04-03,0
CLI0834,28,Masculino,Medellín,Vida,59,715274,3,2,0,Web,2025-08-10,0
CLI0835,54,Femenino,Bucaramanga,Vehiculo,90,836942,3,1,2,App,2026-03-05,0
CLI0836,53,Masculino,Bogotá,Salud,62,363983,3,0,0,App,2024-08-15,0
CLI0837,52,Masculino,Cali,Hogar,76,369360,2,1,0,App,2025-09-28,0
CLI0838,36,Masculino,Bogotá,Vida,11,919385,1,2,1,Presencial,2025-02-14,0
CLI0839,37,Masculino,Cali,Vida,101,557697,1,1,2,Presencial,2026-06-02,1
CLI0840,74,Masculino,Bucaramanga,Vehiculo,89,533809,1,1,1,Telefonico,2025-05-23,0
CLI0841,35,Femenino,Bogotá,Hogar,18,129522,2,1,1,Telefonico,2026-07-11,0
CLI0842,64,Femenino,Barranquilla,Vehiculo,19,310233,0,1,2,App,2025-07-15,0
CLI0843,58,Masculino,Cali,Vehiculo,87,478102,0,0,1,Telefonico,2025-11-29,0
CLI0844,66,Masculino,Barranquilla,Hogar,55,453393,2,1,2,Presencial,2026-05-20,0
CLI0845,31,Masculino,Bogotá,Hogar,102,87485,0,1,0,Telefonico,2025-05-09,0
CLI0846,32,Masculino,Barranquilla,Hogar,118,504671,4,1,0,Web,2026-05-17,0
CLI0847,48,Femenino,Barranquilla,Salud,82,847344,0,1,1,Presencial,2024-09-02,0
CLI0848,18,Masculino,Bogotá,Hogar,26,192701,0,1,1,App,2024-12-19,0
CLI0849,70,Femenino,Bucaramanga,Vida,6,287352,1,2,1,App,2025-07-07,0
CLI0850,71,Femenino,Barranquilla,Vehiculo,4,706926,1,1,0,Telefonico,2025-01-01,0
CLI0851,71,Masculino,Barranquilla,Salud,108,264514,4,1,1,Presencial,2025-08-24,0
CLI0852,20,Femenino,Bucaramanga,Hogar,115,525093,1,2,0,App,2025-10-15,0
CLI0853,33,Femenino,Barranquilla,Salud,29,878658,1,1,0,App,2025-01-10,0
CLI0854,40,Femenino,Barranquilla,Hogar,59,697693,2,2,0,Presencial,2025-09-04,0
CLI0855,74,Femenino,Barranquilla,Salud,98,889020,1,0,2,Presencial,2025-11-15,0
CLI0856,28,Masculino,Medellín,Vehiculo,17,290048,5,1,2,App,2025-06-01,0
CLI0857,29,Masculino,Bucaramanga,Vehiculo,107,767069,3,0,2,Telefonico,2024-08-29,0
CLI0858,27,Femenino,Barranquilla,Vida,43,117019,4,1,0,Telefonico,2026-07-26,0
CLI0859,49,Masculino,Bucaramanga,Vida,117,341497,2,2,0,Telefonico,2026-07-26,0
CLI0860,33,Masculino,Cali,Hogar,80,669421,1,0,0,Web,2026-01-22,0
CLI0861,25,Masculino,Cali,Vehiculo,66,980876,1,1,1,Presencial,2026-03-06,0
CLI0862,55,Masculino,Barranquilla,Salud,34,801818,2,2,2,App,2025-06-22,0
CLI0863,29,Masculino,Bucaramanga,Salud,119,459747,1,1,1,Web,2025-11-16,0
CLI0864,41,Femenino,Bucaramanga,Salud,8,238598,2,2,0,Telefonico,2024-08-01,0
CLI0865,45,Masculino,Bucaramanga,Vida,13,732873,2,1,1,Web,2025-04-09,1
CLI0866,70,Masculino,Medellín,Salud,106,525414,1,1,0,App,2026-05-03,0
CLI0867,25,Masculino,Cali,Vida,8,849460,1,1,2,App,2026-07-22,0
CLI0868,75,Masculino,Bucaramanga,Vida,94,572750,1,0,2,Presencial,2026-05-06,0
CLI0869,45,Femenino,Bucaramanga,Hogar,96,909827,3,0,0,Telefonico,2026-03-03,0
CLI0870,53,Femenino,Medellín,Salud,100,497247,1,0,1,Telefonico,2024-11-14,0
CLI0871,43,Femenino,Medellín,Salud,111,548758,2,0,0,Web,2026-07-02,0
CLI0872,25,Femenino,Bucaramanga,Vehiculo,94,730102,3,2,2,Telefonico,2026-03-26,0
CLI0873,75,Masculino,Bogotá,Hogar,65,454743,1,0,0,Web,2026-05-15,0
CLI0874,67,Femenino,Bucaramanga,Vehiculo,43,105939,0,2,0,App,2025-06-06,1
CLI0875,45,Masculino,Bucaramanga,Hogar,39,233939,3,0,1,App,2026-06-07,0
CLI0876,45,Masculino,Medellín,Salud,81,866635,2,0,2,App,2025-04-08,0
CLI0877,54,Masculino,Medellín,Vida,59,895495,1,0,3,App,2025-09-30,0
CLI0878,58,Masculino,Bucaramanga,Vida,84,695168,2,0,3,App,2025-02-01,0
CLI0879,53,Masculino,Bucaramanga,Vida,88,608036,0,1,1,Web,2026-04-18,0
CLI0880,44,Femenino,Bucaramanga,Vida,114,316094,0,1,0,App,2026-02-10,0
CLI0881,71,Femenino,Medellín,Vida,86,459413,0,3,1,Web,2025-03-20,0
CLI0882,34,Femenino,Bucaramanga,Vehiculo,93,947196,2,1,1,App,2026-07-10,0
CLI0883,26,Femenino,Bucaramanga,Hogar,86,231956,0,2,2,Web,2025-10-18,0
CLI0884,50,Masculino,Barranquilla,Salud,44,236255,2,2,0,Web,2025-07-06,0
CLI0885,70,Femenino,Bogotá,Vehiculo,9,544462,1,0,1,Web,2024-11-22,0
CLI0886,37,Masculino,Cali,Hogar,37,974468,1,0,3,Telefonico,2026-03-05,1
CLI0887,30,Femenino,Bogotá,Vida,74,754619,3,1,0,Web,2025-11-02,0
CLI0888,45,Masculino,Barranquilla,Hogar,36,771319,1,1,1,Web,2025-10-06,0
CLI0889,65,Masculino,Cali,Hogar,101,982957,1,1,0,App,2026-02-10,0
CLI0890,46,Femenino,Bucaramanga,Vida,92,506673,0,1,1,Web,2026-06-15,0
CLI0891,30,Masculino,Barranquilla,Vida,28,427823,4,2,0,Web,2024-11-13,0
CLI0892,63,Masculino,Bucaramanga,Vida,42,205829,0,0,1,Presencial,2026-01-06,0
CLI0893,52,Femenino,Medellín,Salud,43,208216,4,2,2,Telefonico,2025-05-05,0
CLI0894,23,Masculino,Barranquilla,Vida,85,999607,1,2,2,Presencial,2025-07-02,0
CLI0895,35,Femenino,Medellín,Salud,88,670189,2,0,0,App,2025-10-04,1
CLI0896,68,Femenino,Barranquilla,Vida,42,847674,1,1,2,Telefonico,2024-08-23,0
CLI0897,22,Femenino,Barranquilla,Salud,104,255607,1,1,3,Telefonico,2024-09-24,1
CLI0898,64,Masculino,Medellín,Hogar,66,489319,1,1,0,Presencial,2026-02-06,0
CLI0899,42,Masculino,Cali,Vehiculo,55,702334,1,1,1,Telefonico,2026-04-13,1
CLI0900,19,Masculino,Bogotá,Hogar,72,432156,1,0,3,Presencial,2024-09-16,0
CLI0901,27,Femenino,Bucaramanga,Hogar,48,682566,1,0,1,Web,2026-01-11,0
CLI0902,73,Masculino,Barranquilla,Vida,91,354535,0,0,0,Presencial,2026-02-14,0
CLI0903,47,Femenino,Bucaramanga,Salud,22,182476,3,0,2,Telefonico,2024-11-25,0
CLI0904,67,Femenino,Medellín,Vehiculo,101,462865,1,0,0,Telefonico,2026-05-07,0
CLI0905,62,Masculino,Bucaramanga,Vida,27,701825,0,1,2,App,2024-10-16,0
CLI0906,22,Femenino,Medellín,Vida,93,947591,3,1,2,App,2024-08-06,0
CLI0907,72,Masculino,Bucaramanga,Vida,67,997472,1,1,1,App,2026-06-11,0
CLI0908,73,Masculino,Bogotá,Hogar,108,261429,2,0,0,App,2026-04-11,0
CLI0909,50,Masculino,Bogotá,Salud,13,297980,1,1,1,Telefonico,2025-04-25,0
CLI0910,71,Masculino,Bogotá,Salud,45,583551,2,3,0,App,2025-05-16,0
CLI0911,18,Masculino,Bogotá,Vehiculo,10,901935,1,1,1,Presencial,2025-11-03,0
CLI0912,35,Femenino,Bogotá,Salud,100,566675,2,1,4,Web,2025-01-01,0
CLI0913,49,Femenino,Bogotá,Salud,9,155403,4,0,1,Telefonico,2025-08-22,1
CLI0914,64,Femenino,Medellín,Vida,54,668574,0,1,1,App,2026-01-30,0
CLI0915,66,Masculino,Barranquilla,Vida,120,416986,1,1,0,Telefonico,2025-03-16,0
CLI0916,28,Masculino,Bucaramanga,Hogar,119,184927,0,1,1,App,2026-07-22,0
CLI0917,38,Masculino,Bogotá,Vida,27,881340,0,1,2,Telefonico,2025-03-25,0
CLI0918,43,Femenino,Medellín,Vida,34,565833,2,1,2,App,2025-12-10,0
CLI0919,42,Masculino,Medellín,Vida,115,523842,0,2,0,Web,2025-10-07,0
CLI0920,39,Femenino,Medellín,Vida,1,379372,1,2,1,App,2025-11-30,0
CLI0921,44,Femenino,Barranquilla,Hogar,32,103386,0,1,0,Presencial,2025-03-10,0
CLI0922,66,Masculino,Bucaramanga,Vida,89,257826,0,2,3,Telefonico,2025-08-15,0
CLI0923,30,Masculino,Barranquilla,Vehiculo,93,584158,3,0,1,Telefonico,2025-11-07,0
CLI0924,50,Femenino,Cali,Vehiculo,71,370446,3,1,1,Presencial,2024-11-09,0
CLI0925,51,Masculino,Medellín,Vehiculo,113,402959,1,1,1,Presencial,2024-10-14,0
CLI0926,58,Femenino,Cali,Vehiculo,67,332156,3,2,0,Web,2026-01-12,0
CLI0927,52,Masculino,Bogotá,Vida,84,929776,1,2,1,Telefonico,2025-12-05,0
CLI0928,18,Masculino,Bogotá,Vehiculo,20,978035,5,0,0,Web,2025-09-01,0
CLI0929,38,Femenino,Barranquilla,Vida,117,549450,1,0,1,Telefonico,2025-06-12,0
CLI0930,65,Masculino,Bucaramanga,Hogar,94,403258,3,0,0,Telefonico,2025-04-04,0
CLI0931,72,Femenino,Cali,Vehiculo,35,328724,1,1,1,Web,2025-05-21,0
CLI0932,23,Masculino,Bucaramanga,Salud,99,281202,2,0,1,Telefonico,2025-11-28,0
CLI0933,45,Femenino,Barranquilla,Vehiculo,113,105525,1,1,1,Telefonico,2026-07-24,0
CLI0934,34,Femenino,Bogotá,Vehiculo,103,159818,2,1,1,Web,2026-03-02,0
CLI0935,22,Masculino,Bucaramanga,Vida,91,194589,0,0,3,App,2025-07-05,0
CLI0936,48,Femenino,Bucaramanga,Vehiculo,90,225406,2,1,0,Web,2026-01-02,0
CLI0937,22,Masculino,Bogotá,Salud,78,699003,1,3,1,Telefonico,2025-07-30,0
CLI0938,55,Masculino,Cali,Vida,17,273839,1,3,3,Presencial,2024-09-30,1
CLI0939,20,Masculino,Bogotá,Vida,18,873076,2,0,3,App,2025-01-08,1
CLI0940,70,Femenino,Bucaramanga,Hogar,45,443298,1,0,0,Presencial,2026-05-07,0
CLI0941,40,Femenino,Cali,Hogar,116,586453,2,1,1,App,2026-06-07,0
CLI0942,54,Masculino,Cali,Vehiculo,93,337438,0,1,2,Presencial,2024-08-18,0
CLI0943,70,Masculino,Bogotá,Hogar,84,909901,0,1,1,App,2024-11-05,0
CLI0944,54,Femenino,Bucaramanga,Hogar,53,506903,2,1,0,Web,2025-05-12,0
CLI0945,27,Masculino,Barranquilla,Hogar,91,973041,1,1,0,App,2024-11-19,1
CLI0946,27,Masculino,Bucaramanga,Vida,82,525872,1,3,0,App,2025-10-01,0
CLI0947,36,Femenino,Medellín,Vida,68,490591,4,1,1,App,2026-03-22,0
CLI0948,34,Masculino,Barranquilla,Vida,65,587235,2,1,1,Telefonico,2025-06-06,0
CLI0949,38,Femenino,Cali,Hogar,114,593951,1,3,1,Presencial,2025-07-12,0
CLI0950,31,Masculino,Barranquilla,Vida,1,407350,1,0,0,Web,2026-01-15,0
CLI0951,26,Femenino,Cali,Hogar,58,962894,1,0,0,Presencial,2026-06-15,0
CLI0952,63,Masculino,Cali,Vida,26,771967,2,1,1,Presencial,2026-01-10,0
CLI0953,18,Masculino,Barranquilla,Vida,109,687466,1,0,2,Web,2025-11-13,0
CLI0954,68,Femenino,Cali,Salud,20,779746,3,1,1,Telefonico,2024-09-10,0
CLI0955,62,Masculino,Cali,Vehiculo,116,858754,0,0,3,App,2026-07-08,0
CLI0956,30,Femenino,Medellín,Hogar,87,519503,0,0,1,Telefonico,2024-09-13,0
CLI0957,21,Masculino,Bucaramanga,Salud,10,166724,4,0,0,Telefonico,2025-08-26,0
CLI0958,18,Femenino,Bucaramanga,Vida,59,833492,2,3,0,App,2025-06-15,0
CLI0959,66,Femenino,Medellín,Hogar,75,176393,2,0,0,Presencial,2025-11-13,0
CLI0960,57,Femenino,Barranquilla,Vida,41,993746,1,2,0,App,2025-10-19,0
CLI0961,49,Femenino,Bogotá,Vehiculo,105,680600,3,4,1,Web,2025-03-06,0
CLI0962,51,Masculino,Bogotá,Salud,5,941756,3,0,3,App,2026-05-07,0
CLI0963,45,Masculino,Bogotá,Vehiculo,65,675484,2,1,0,Presencial,2025-05-28,0
CLI0964,48,Femenino,Medellín,Salud,17,674302,0,2,1,Telefonico,2024-12-28,1
CLI0965,25,Femenino,Medellín,Vida,22,481426,0,2,0,Telefonico,2026-07-01,0
CLI0966,56,Femenino,Cali,Vehiculo,98,746282,0,1,0,App,2024-08-21,0
CLI0967,43,Masculino,Bogotá,Vehiculo,120,509505,1,0,0,Web,2024-12-06,0
CLI0968,75,Masculino,Barranquilla,Vida,109,602313,0,1,1,Presencial,2025-05-18,0
CLI0969,51,Masculino,Barranquilla,Vehiculo,41,113340,2,0,1,Telefonico,2025-08-17,0
CLI0970,71,Masculino,Bogotá,Hogar,93,381994,0,0,1,App,2025-06-15,0
CLI0971,71,Femenino,Bogotá,Salud,68,576915,4,2,0,Web,2025-02-19,0
CLI0972,20,Femenino,Bogotá,Salud,69,717999,0,2,0,Web,2025-09-25,0
CLI0973,67,Femenino,Medellín,Salud,11,819538,0,2,3,Telefonico,2025-07-01,1
CLI0974,29,Masculino,Medellín,Hogar,56,91094,0,1,1,Telefonico,2025-08-28,0
CLI0975,18,Masculino,Medellín,Salud,51,954391,2,1,1,Presencial,2024-09-26,0
CLI0976,71,Masculino,Bucaramanga,Vida,21,872173,0,2,1,Web,2025-05-21,0
CLI0977,61,Femenino,Barranquilla,Vehiculo,99,715873,2,0,1,Presencial,2024-08-27,0
CLI0978,22,Femenino,Barranquilla,Hogar,76,545590,1,2,1,Web,2024-10-07,0
CLI0979,47,Masculino,Cali,Salud,26,590491,2,1,0,Web,2025-08-01,0
CLI0980,47,Femenino,Medellín,Vida,115,464708,1,3,2,App,2026-04-10,0
CLI0981,74,Masculino,Bucaramanga,Vehiculo,19,148798,2,1,1,Telefonico,2026-02-06,0
CLI0982,34,Masculino,Bucaramanga,Vehiculo,109,982458,3,2,3,Web,2026-03-05,0
CLI0983,65,Femenino,Barranquilla,Hogar,60,281604,0,2,0,Presencial,2026-02-04,0
CLI0984,64,Masculino,Medellín,Hogar,71,190130,3,1,1,Telefonico,2025-07-15,1
CLI0985,40,Femenino,Cali,Hogar,47,888596,3,0,3,Presencial,2025-12-21,1
CLI0986,32,Masculino,Medellín,Vida,119,770955,2,1,0,Telefonico,2025-11-15,0
CLI0987,54,Femenino,Bogotá,Vida,71,110257,1,0,0,Telefonico,2026-01-24,0
CLI0988,38,Femenino,Medellín,Hogar,26,487427,1,1,1,Web,2025-09-29,0
CLI0989,31,Femenino,Bogotá,Salud,40,962421,3,2,0,App,2025-07-19,0
CLI0990,19,Masculino,Bogotá,Vehiculo,5,132691,2,0,2,Web,2024-12-07,0
CLI0991,28,Masculino,Cali,Vehiculo,21,684056,1,2,3,Telefonico,2025-08-23,0
CLI0992,68,Femenino,Barranquilla,Vida,78,498829,2,1,0,Web,2026-02-26,0
CLI0993,56,Femenino,Medellín,Vehiculo,4,618314,0,1,1,Web,2024-08-19,0
CLI0994,55,Masculino,Bogotá,Salud,23,829450,0,0,0,Telefonico,2026-06-07,0
CLI0995,51,Masculino,Medellín,Vehiculo,106,373052,3,0,1,Telefonico,2025-05-16,0
CLI0996,55,Masculino,Barranquilla,Vida,84,623898,1,3,1,Web,2024-09-15,0
CLI0997,67,Femenino,Barranquilla,Vida,15,257718,2,1,3,Web,2026-01-13,0
CLI0998,51,Masculino,Bucaramanga,Salud,114,578357,1,1,2,Web,2025-06-24,0
CLI0999,35,Masculino,Barranquilla,Salud,116,405329,1,1,1,Presencial,2024-11-25,0
CLI1000,47,Femenino,Cali,Vehiculo,109,938999,1,1,0,Web,2024-10-07,0
